,forecast_date,high_temp,low_temp,precip_prob,wind_stats,date,day,actual_high,actual_low,actual_precip,year,month
0,2021-09-18,78,63,0.04,N 10 mph,2021-09-19,19,75.0,64.0,0.0,2021,9
1,2021-09-18,75,64,0.06,ESE 9 mph,2021-09-20,20,75.0,63.0,0.0,2021,9
2,2021-09-18,75,68,0.05,ESE 11 mph,2021-09-21,21,75.0,63.0,0.09,2021,9
3,2021-09-18,76,69,0.5,SE 14 mph,2021-09-22,22,78.0,72.0,0.01,2021,9
4,2021-09-18,72,62,0.58,SSE 13 mph,2021-09-23,23,79.0,64.0,1.28,2021,9
5,2021-09-18,71,60,0.52,WNW 10 mph,2021-09-24,24,71.0,57.0,0.75,2021,9
6,2021-09-18,75,61,0.16,W 8 mph,2021-09-25,25,75.0,58.0,0.0,2021,9
7,2021-09-18,74,58,0.19,W 9 mph,2021-09-26,26,71.0,62.0,0.0,2021,9
8,2021-09-18,74,59,0.18,WNW 9 mph,2021-09-27,27,77.0,62.0,0.0,2021,9
9,2021-09-18,74,59,0.1,W 9 mph,2021-09-28,28,71.0,63.0,0.27,2021,9
10,2021-09-18,72,57,0.24,WNW 9 mph,2021-09-29,29,67.0,55.0,0.0,2021,9
11,2021-09-18,72,58,0.24,NW 8 mph,2021-09-30,30,65.0,56.0,0.0,2021,9
12,2021-09-18,70,56,0.17,NW 9 mph,2021-10-01,1,66.0,52.0,0.0,2021,10
13,2021-09-18,71,58,0.24,WNW 9 mph,2021-10-02,2,73.0,57.0,0.0,2021,10
14,2021-09-19,76,65,0.05,ESE 8 mph,2021-09-20,20,75.0,63.0,0.0,2021,9
15,2021-09-19,76,70,0.11,ESE 10 mph,2021-09-21,21,75.0,63.0,0.09,2021,9
16,2021-09-19,78,72,0.44,SSE 13 mph,2021-09-22,22,78.0,72.0,0.01,2021,9
17,2021-09-19,75,65,0.92,SSE 13 mph,2021-09-23,23,79.0,64.0,1.28,2021,9
18,2021-09-19,70,59,0.61,WSW 8 mph,2021-09-24,24,71.0,57.0,0.75,2021,9
19,2021-09-19,75,61,0.14,NW 6 mph,2021-09-25,25,75.0,58.0,0.0,2021,9
20,2021-09-19,74,57,0.23,WNW 9 mph,2021-09-26,26,71.0,62.0,0.0,2021,9
21,2021-09-19,73,58,0.09,NW 7 mph,2021-09-27,27,77.0,62.0,0.0,2021,9
22,2021-09-19,75,60,0.15,WNW 8 mph,2021-09-28,28,71.0,63.0,0.27,2021,9
23,2021-09-19,73,57,0.24,NW 9 mph,2021-09-29,29,67.0,55.0,0.0,2021,9
24,2021-09-19,70,58,0.21,NW 7 mph,2021-09-30,30,65.0,56.0,0.0,2021,9
25,2021-09-19,71,60,0.09,WNW 7 mph,2021-10-01,1,66.0,52.0,0.0,2021,10
26,2021-09-19,75,60,0.18,WNW 7 mph,2021-10-02,2,73.0,57.0,0.0,2021,10
27,2021-09-19,72,59,0.12,NW 7 mph,2021-10-03,3,76.0,62.0,0.0,2021,10
28,2021-09-20,76,70,0.11,ESE 10 mph,2021-09-21,21,75.0,63.0,0.09,2021,9
29,2021-09-20,78,69,0.43,SSE 15 mph,2021-09-22,22,78.0,72.0,0.01,2021,9
30,2021-09-20,75,62,0.61,SSE 15 mph,2021-09-23,23,79.0,64.0,1.28,2021,9
31,2021-09-20,72,60,0.54,W 10 mph,2021-09-24,24,71.0,57.0,0.75,2021,9
32,2021-09-20,72,60,0.24,WSW 8 mph,2021-09-25,25,75.0,58.0,0.0,2021,9
33,2021-09-20,73,58,0.21,NW 10 mph,2021-09-26,26,71.0,62.0,0.0,2021,9
34,2021-09-20,74,61,0.18,WNW 11 mph,2021-09-27,27,77.0,62.0,0.0,2021,9
35,2021-09-20,74,59,0.1,WNW 10 mph,2021-09-28,28,71.0,63.0,0.27,2021,9
36,2021-09-20,73,58,0.24,WNW 10 mph,2021-09-29,29,67.0,55.0,0.0,2021,9
37,2021-09-20,70,57,0.06,NW 10 mph,2021-09-30,30,65.0,56.0,0.0,2021,9
38,2021-09-20,69,57,0.23,NNW 9 mph,2021-10-01,1,66.0,52.0,0.0,2021,10
39,2021-09-20,69,58,0.11,NNW 9 mph,2021-10-02,2,73.0,57.0,0.0,2021,10
40,2021-09-20,72,59,0.22,NW 10 mph,2021-10-03,3,76.0,62.0,0.0,2021,10
41,2021-09-20,71,56,0.24,NNW 10 mph,2021-10-04,4,73.0,62.0,0.15000000000000002,2021,10
42,2021-09-21,79,72,0.38,SSE 15 mph,2021-09-22,22,78.0,72.0,0.01,2021,9
43,2021-09-21,74,64,0.69,SSE 17 mph,2021-09-23,23,79.0,64.0,1.28,2021,9
44,2021-09-21,72,60,0.64,WNW 8 mph,2021-09-24,24,71.0,57.0,0.75,2021,9
45,2021-09-21,73,61,0.38,NW 7 mph,2021-09-25,25,75.0,58.0,0.0,2021,9
46,2021-09-21,74,57,0.11,W 11 mph,2021-09-26,26,71.0,62.0,0.0,2021,9
47,2021-09-21,73,59,0.05,WNW 11 mph,2021-09-27,27,77.0,62.0,0.0,2021,9
48,2021-09-21,75,63,0.13,SW 12 mph,2021-09-28,28,71.0,63.0,0.27,2021,9
49,2021-09-21,73,60,0.32,SE 12 mph,2021-09-29,29,67.0,55.0,0.0,2021,9
50,2021-09-21,71,57,0.32,N 10 mph,2021-09-30,30,65.0,56.0,0.0,2021,9
51,2021-09-21,72,58,0.24,NNW 9 mph,2021-10-01,1,66.0,52.0,0.0,2021,10
52,2021-09-21,72,58,0.24,NNW 9 mph,2021-10-02,2,73.0,57.0,0.0,2021,10
53,2021-09-21,72,58,0.24,NNW 10 mph,2021-10-03,3,76.0,62.0,0.0,2021,10
54,2021-09-21,71,58,0.33,NNE 9 mph,2021-10-04,4,73.0,62.0,0.15000000000000002,2021,10
55,2021-09-21,72,60,0.3,NNE 9 mph,2021-10-05,5,65.0,60.0,0.0,2021,10
56,2021-09-22,79,65,0.49,SSE 17 mph,2021-09-23,23,79.0,64.0,1.28,2021,9
57,2021-09-22,75,60,0.87,W 7 mph,2021-09-24,24,71.0,57.0,0.75,2021,9
58,2021-09-22,76,60,0.1,WNW 5 mph,2021-09-25,25,75.0,58.0,0.0,2021,9
59,2021-09-22,74,60,0.04,WNW 10 mph,2021-09-26,26,71.0,62.0,0.0,2021,9
60,2021-09-22,77,62,0.03,WNW 9 mph,2021-09-27,27,77.0,62.0,0.0,2021,9
61,2021-09-22,77,59,0.12,W 8 mph,2021-09-28,28,71.0,63.0,0.27,2021,9
62,2021-09-22,73,57,0.14,NNW 10 mph,2021-09-29,29,67.0,55.0,0.0,2021,9
63,2021-09-22,72,58,0.15,NNW 10 mph,2021-09-30,30,65.0,56.0,0.0,2021,9
64,2021-09-22,75,60,0.11,NNW 9 mph,2021-10-01,1,66.0,52.0,0.0,2021,10
65,2021-09-22,74,60,0.15,NNW 9 mph,2021-10-02,2,73.0,57.0,0.0,2021,10
66,2021-09-22,72,59,0.17,N 10 mph,2021-10-03,3,76.0,62.0,0.0,2021,10
67,2021-09-22,72,59,0.24,NNE 8 mph,2021-10-04,4,73.0,62.0,0.15000000000000002,2021,10
68,2021-09-22,72,61,0.21,NE 9 mph,2021-10-05,5,65.0,60.0,0.0,2021,10
69,2021-09-22,73,60,0.36,ESE 9 mph,2021-10-06,6,69.0,61.0,0.0,2021,10
70,2021-09-23,74,58,0.57,W 7 mph,2021-09-24,24,71.0,57.0,0.75,2021,9
71,2021-09-23,75,60,0.05,NW 5 mph,2021-09-25,25,75.0,58.0,0.0,2021,9
72,2021-09-23,72,57,0.05,WNW 13 mph,2021-09-26,26,71.0,62.0,0.0,2021,9
73,2021-09-23,75,60,0.02,W 12 mph,2021-09-27,27,77.0,62.0,0.0,2021,9
74,2021-09-23,76,61,0.24,WSW 10 mph,2021-09-28,28,71.0,63.0,0.27,2021,9
75,2021-09-23,73,58,0.24,N 9 mph,2021-09-29,29,67.0,55.0,0.0,2021,9
76,2021-09-23,71,59,0.1,NNE 10 mph,2021-09-30,30,65.0,56.0,0.0,2021,9
77,2021-09-23,72,61,0.16,NNE 11 mph,2021-10-01,1,66.0,52.0,0.0,2021,10
78,2021-09-23,73,61,0.32,NNE 10 mph,2021-10-02,2,73.0,57.0,0.0,2021,10
79,2021-09-23,73,60,0.24,NNE 9 mph,2021-10-03,3,76.0,62.0,0.0,2021,10
80,2021-09-23,72,60,0.24,NNE 8 mph,2021-10-04,4,73.0,62.0,0.15000000000000002,2021,10
81,2021-09-23,71,59,0.24,N 9 mph,2021-10-05,5,65.0,60.0,0.0,2021,10
82,2021-09-23,72,57,0.1,NNW 8 mph,2021-10-06,6,69.0,61.0,0.0,2021,10
83,2021-09-23,72,57,0.24,NW 9 mph,2021-10-07,7,73.0,62.0,0.0,2021,10
84,2021-09-24,77,61,0.05,NNW 4 mph,2021-09-25,25,75.0,58.0,0.0,2021,9
85,2021-09-24,74,58,0.04,WNW 13 mph,2021-09-26,26,71.0,62.0,0.0,2021,9
86,2021-09-24,76,62,0.03,W 13 mph,2021-09-27,27,77.0,62.0,0.0,2021,9
87,2021-09-24,76,57,0.08,WNW 9 mph,2021-09-28,28,71.0,63.0,0.27,2021,9
88,2021-09-24,73,58,0.18,N 8 mph,2021-09-29,29,67.0,55.0,0.0,2021,9
89,2021-09-24,71,59,0.17,NNE 11 mph,2021-09-30,30,65.0,56.0,0.0,2021,9
90,2021-09-24,71,59,0.18,NE 14 mph,2021-10-01,1,66.0,52.0,0.0,2021,10
91,2021-09-24,72,60,0.23,NNE 11 mph,2021-10-02,2,73.0,57.0,0.0,2021,10
92,2021-09-24,72,60,0.24,NNE 9 mph,2021-10-03,3,76.0,62.0,0.0,2021,10
93,2021-09-24,72,61,0.24,NNE 10 mph,2021-10-04,4,73.0,62.0,0.15000000000000002,2021,10
94,2021-09-24,72,59,0.24,NE 9 mph,2021-10-05,5,65.0,60.0,0.0,2021,10
95,2021-09-24,71,59,0.24,ENE 9 mph,2021-10-06,6,69.0,61.0,0.0,2021,10
96,2021-09-24,73,60,0.19,WSW 9 mph,2021-10-07,7,73.0,62.0,0.0,2021,10
97,2021-09-24,72,60,0.24,E 8 mph,2021-10-08,8,74.0,62.0,0.0,2021,10
98,2021-09-25,74,58,0.03,NW 12 mph,2021-09-26,26,71.0,62.0,0.0,2021,9
99,2021-09-25,80,64,0.02,WSW 12 mph,2021-09-27,27,77.0,62.0,0.0,2021,9
100,2021-09-25,74,56,0.35,W 7 mph,2021-09-28,28,71.0,63.0,0.27,2021,9
101,2021-09-25,68,53,0.11,N 10 mph,2021-09-29,29,67.0,55.0,0.0,2021,9
102,2021-09-25,68,54,0.16,N 9 mph,2021-09-30,30,65.0,56.0,0.0,2021,9
103,2021-09-25,69,55,0.08,N 8 mph,2021-10-01,1,66.0,52.0,0.0,2021,10
104,2021-09-25,71,57,0.21,NNW 9 mph,2021-10-02,2,73.0,57.0,0.0,2021,10
105,2021-09-25,73,58,0.24,WNW 10 mph,2021-10-03,3,76.0,62.0,0.0,2021,10
106,2021-09-25,73,58,0.23,NNW 10 mph,2021-10-04,4,73.0,62.0,0.15000000000000002,2021,10
107,2021-09-25,72,57,0.24,NNE 8 mph,2021-10-05,5,65.0,60.0,0.0,2021,10
108,2021-09-25,71,57,0.24,N 8 mph,2021-10-06,6,69.0,61.0,0.0,2021,10
109,2021-09-25,71,58,0.15,NW 7 mph,2021-10-07,7,73.0,62.0,0.0,2021,10
110,2021-09-25,72,59,0.23,E 8 mph,2021-10-08,8,74.0,62.0,0.0,2021,10
111,2021-09-25,72,60,0.18,ESE 8 mph,2021-10-09,9,67.0,61.0,0.0,2021,10
112,2021-09-26,81,65,0.02,WSW 13 mph,2021-09-27,27,77.0,62.0,0.0,2021,9
113,2021-09-26,75,55,0.36,W 7 mph,2021-09-28,28,71.0,63.0,0.27,2021,9
114,2021-09-26,70,53,0.03,NNW 9 mph,2021-09-29,29,67.0,55.0,0.0,2021,9
115,2021-09-26,69,52,0.03,N 9 mph,2021-09-30,30,65.0,56.0,0.0,2021,9
116,2021-09-26,70,54,0.04,NNW 9 mph,2021-10-01,1,66.0,52.0,0.0,2021,10
117,2021-09-26,70,57,0.15,N 8 mph,2021-10-02,2,73.0,57.0,0.0,2021,10
118,2021-09-26,70,58,0.24,NE 8 mph,2021-10-03,3,76.0,62.0,0.0,2021,10
119,2021-09-26,70,57,0.24,NNE 10 mph,2021-10-04,4,73.0,62.0,0.15000000000000002,2021,10
120,2021-09-26,70,58,0.24,NNE 9 mph,2021-10-05,5,65.0,60.0,0.0,2021,10
121,2021-09-26,70,58,0.24,NE 9 mph,2021-10-06,6,69.0,61.0,0.0,2021,10
122,2021-09-26,70,58,0.24,ENE 9 mph,2021-10-07,7,73.0,62.0,0.0,2021,10
123,2021-09-26,71,58,0.4,NE 9 mph,2021-10-08,8,74.0,62.0,0.0,2021,10
124,2021-09-26,70,58,0.37,NE 10 mph,2021-10-09,9,67.0,61.0,0.0,2021,10
125,2021-09-26,71,57,0.24,NE 9 mph,2021-10-10,10,66.0,61.0,0.11,2021,10
126,2021-09-27,75,52,0.69,W 6 mph,2021-09-28,28,71.0,63.0,0.27,2021,9
127,2021-09-27,69,55,0.03,NNW 9 mph,2021-09-29,29,67.0,55.0,0.0,2021,9
128,2021-09-27,66,51,0.03,NNW 8 mph,2021-09-30,30,65.0,56.0,0.0,2021,9
129,2021-09-27,69,52,0.04,NNW 7 mph,2021-10-01,1,66.0,52.0,0.0,2021,10
130,2021-09-27,70,56,0.03,NW 6 mph,2021-10-02,2,73.0,57.0,0.0,2021,10
131,2021-09-27,71,57,0.2,WNW 6 mph,2021-10-03,3,76.0,62.0,0.0,2021,10
132,2021-09-27,71,56,0.22,NNE 6 mph,2021-10-04,4,73.0,62.0,0.15000000000000002,2021,10
133,2021-09-27,67,55,0.24,NNE 7 mph,2021-10-05,5,65.0,60.0,0.0,2021,10
134,2021-09-27,69,57,0.2,NE 8 mph,2021-10-06,6,69.0,61.0,0.0,2021,10
135,2021-09-27,70,57,0.24,NE 7 mph,2021-10-07,7,73.0,62.0,0.0,2021,10
136,2021-09-27,70,58,0.36,ENE 7 mph,2021-10-08,8,74.0,62.0,0.0,2021,10
137,2021-09-27,70,58,0.24,ENE 7 mph,2021-10-09,9,67.0,61.0,0.0,2021,10
138,2021-09-27,70,58,0.32,NE 7 mph,2021-10-10,10,66.0,61.0,0.11,2021,10
139,2021-09-27,71,58,0.22,E 7 mph,2021-10-11,11,70.0,62.0,0.0,2021,10
140,2021-09-28,70,53,0.02,NNW 9 mph,2021-09-29,29,67.0,55.0,0.0,2021,9
141,2021-09-28,66,51,0.03,NNW 10 mph,2021-09-30,30,65.0,56.0,0.0,2021,9
142,2021-09-28,70,55,0.03,NW 8 mph,2021-10-01,1,66.0,52.0,0.0,2021,10
143,2021-09-28,74,60,0.04,W 7 mph,2021-10-02,2,73.0,57.0,0.0,2021,10
144,2021-09-28,71,59,0.49,W 7 mph,2021-10-03,3,76.0,62.0,0.0,2021,10
145,2021-09-28,70,58,0.39,NE 8 mph,2021-10-04,4,73.0,62.0,0.15000000000000002,2021,10
146,2021-09-28,69,58,0.4,NE 10 mph,2021-10-05,5,65.0,60.0,0.0,2021,10
147,2021-09-28,69,59,0.24,ENE 10 mph,2021-10-06,6,69.0,61.0,0.0,2021,10
148,2021-09-28,70,58,0.31,ENE 9 mph,2021-10-07,7,73.0,62.0,0.0,2021,10
149,2021-09-28,71,58,0.48,N 9 mph,2021-10-08,8,74.0,62.0,0.0,2021,10
150,2021-09-28,70,57,0.45,N 8 mph,2021-10-09,9,67.0,61.0,0.0,2021,10
151,2021-09-28,70,57,0.6,NE 8 mph,2021-10-10,10,66.0,61.0,0.11,2021,10
152,2021-09-28,71,58,0.5,NNW 8 mph,2021-10-11,11,70.0,62.0,0.0,2021,10
153,2021-09-28,72,58,0.2,NW 8 mph,2021-10-12,12,69.0,61.0,0.0,2021,10
154,2021-09-29,65,49,0.03,NNW 10 mph,2021-09-30,30,65.0,56.0,0.0,2021,9
155,2021-09-29,69,53,0.04,NW 8 mph,2021-10-01,1,66.0,52.0,0.0,2021,10
156,2021-09-29,73,60,0.05,W 7 mph,2021-10-02,2,73.0,57.0,0.0,2021,10
157,2021-09-29,73,63,0.24,SW 9 mph,2021-10-03,3,76.0,62.0,0.0,2021,10
158,2021-09-29,74,61,0.24,WNW 9 mph,2021-10-04,4,73.0,62.0,0.15000000000000002,2021,10
159,2021-09-29,71,59,0.36,ENE 10 mph,2021-10-05,5,65.0,60.0,0.0,2021,10
160,2021-09-29,70,61,0.24,NE 10 mph,2021-10-06,6,69.0,61.0,0.0,2021,10
161,2021-09-29,70,60,0.31,ENE 11 mph,2021-10-07,7,73.0,62.0,0.0,2021,10
162,2021-09-29,71,60,0.24,NNE 10 mph,2021-10-08,8,74.0,62.0,0.0,2021,10
163,2021-09-29,70,60,0.36,NE 11 mph,2021-10-09,9,67.0,61.0,0.0,2021,10
164,2021-09-29,70,60,0.36,N 10 mph,2021-10-10,10,66.0,61.0,0.11,2021,10
165,2021-09-29,71,59,0.33,NNW 10 mph,2021-10-11,11,70.0,62.0,0.0,2021,10
166,2021-09-29,72,59,0.24,NW 10 mph,2021-10-12,12,69.0,61.0,0.0,2021,10
167,2021-09-29,71,59,0.22,WNW 8 mph,2021-10-13,13,69.0,62.0,0.0,2021,10
168,2021-09-30,70,53,0.04,NW 6 mph,2021-10-01,1,66.0,52.0,0.0,2021,10
169,2021-09-30,78,60,0.05,WSW 9 mph,2021-10-02,2,73.0,57.0,0.0,2021,10
170,2021-09-30,82,65,0.15,WSW 7 mph,2021-10-03,3,76.0,62.0,0.0,2021,10
171,2021-09-30,75,66,0.48,SSE 8 mph,2021-10-04,4,73.0,62.0,0.15000000000000002,2021,10
172,2021-09-30,72,61,0.38,NE 9 mph,2021-10-05,5,65.0,60.0,0.0,2021,10
173,2021-09-30,69,59,0.32,NE 12 mph,2021-10-06,6,69.0,61.0,0.0,2021,10
174,2021-09-30,70,59,0.21,NE 10 mph,2021-10-07,7,73.0,62.0,0.0,2021,10
175,2021-09-30,71,60,0.24,ENE 11 mph,2021-10-08,8,74.0,62.0,0.0,2021,10
176,2021-09-30,72,60,0.31,E 9 mph,2021-10-09,9,67.0,61.0,0.0,2021,10
177,2021-09-30,72,60,0.24,E 9 mph,2021-10-10,10,66.0,61.0,0.11,2021,10
178,2021-09-30,73,61,0.23,ESE 9 mph,2021-10-11,11,70.0,62.0,0.0,2021,10
179,2021-09-30,73,60,0.24,WSW 9 mph,2021-10-12,12,69.0,61.0,0.0,2021,10
180,2021-09-30,72,60,0.24,SSE 10 mph,2021-10-13,13,69.0,62.0,0.0,2021,10
181,2021-09-30,71,60,0.36,SW 10 mph,2021-10-14,14,75.0,63.0,0.0,2021,10
182,2021-10-01,78,60,0.05,WSW 10 mph,2021-10-02,2,73.0,57.0,0.0,2021,10
183,2021-10-01,81,67,0.06,WSW 6 mph,2021-10-03,3,76.0,62.0,0.0,2021,10
184,2021-10-01,76,66,0.67,SE 7 mph,2021-10-04,4,73.0,62.0,0.15000000000000002,2021,10
185,2021-10-01,74,63,0.46,ENE 8 mph,2021-10-05,5,65.0,60.0,0.0,2021,10
186,2021-10-01,70,63,0.38,ENE 12 mph,2021-10-06,6,69.0,61.0,0.0,2021,10
187,2021-10-01,71,64,0.39,ENE 13 mph,2021-10-07,7,73.0,62.0,0.0,2021,10
188,2021-10-01,71,64,0.41,ENE 13 mph,2021-10-08,8,74.0,62.0,0.0,2021,10
189,2021-10-01,73,63,0.32,ESE 10 mph,2021-10-09,9,67.0,61.0,0.0,2021,10
190,2021-10-01,75,63,0.24,ESE 8 mph,2021-10-10,10,66.0,61.0,0.11,2021,10
191,2021-10-01,76,64,0.24,ESE 10 mph,2021-10-11,11,70.0,62.0,0.0,2021,10
192,2021-10-01,74,63,0.37,E 10 mph,2021-10-12,12,69.0,61.0,0.0,2021,10
193,2021-10-01,72,60,0.3,NNW 10 mph,2021-10-13,13,69.0,62.0,0.0,2021,10
194,2021-10-01,71,60,0.31,NNW 10 mph,2021-10-14,14,75.0,63.0,0.0,2021,10
195,2021-10-01,70,58,0.24,NW 10 mph,2021-10-15,15,78.0,63.0,0.0,2021,10
196,2021-10-02,80,67,0.08,SW 6 mph,2021-10-03,3,76.0,62.0,0.0,2021,10
197,2021-10-02,74,63,0.68,ESE 7 mph,2021-10-04,4,73.0,62.0,0.15000000000000002,2021,10
198,2021-10-02,71,62,0.41,NE 9 mph,2021-10-05,5,65.0,60.0,0.0,2021,10
199,2021-10-02,70,63,0.24,ENE 9 mph,2021-10-06,6,69.0,61.0,0.0,2021,10
200,2021-10-02,73,64,0.16,ENE 10 mph,2021-10-07,7,73.0,62.0,0.0,2021,10
201,2021-10-02,72,65,0.41,E 10 mph,2021-10-08,8,74.0,62.0,0.0,2021,10
202,2021-10-02,72,64,0.36,SE 10 mph,2021-10-09,9,67.0,61.0,0.0,2021,10
203,2021-10-02,74,64,0.35,SE 9 mph,2021-10-10,10,66.0,61.0,0.11,2021,10
204,2021-10-02,76,64,0.24,SW 10 mph,2021-10-11,11,70.0,62.0,0.0,2021,10
205,2021-10-02,76,62,0.24,NW 9 mph,2021-10-12,12,69.0,61.0,0.0,2021,10
206,2021-10-02,73,60,0.24,WNW 9 mph,2021-10-13,13,69.0,62.0,0.0,2021,10
207,2021-10-02,72,60,0.18,SW 10 mph,2021-10-14,14,75.0,63.0,0.0,2021,10
208,2021-10-02,71,58,0.31,WSW 10 mph,2021-10-15,15,78.0,63.0,0.0,2021,10
209,2021-10-02,70,56,0.24,WNW 11 mph,2021-10-16,16,75.0,58.0,0.25,2021,10
210,2021-10-03,72,62,0.67,E 8 mph,2021-10-04,4,73.0,62.0,0.15000000000000002,2021,10
211,2021-10-03,66,60,0.23,NE 9 mph,2021-10-05,5,65.0,60.0,0.0,2021,10
212,2021-10-03,72,62,0.1,ENE 7 mph,2021-10-06,6,69.0,61.0,0.0,2021,10
213,2021-10-03,74,62,0.07,WSW 6 mph,2021-10-07,7,73.0,62.0,0.0,2021,10
214,2021-10-03,74,61,0.21,ENE 9 mph,2021-10-08,8,74.0,62.0,0.0,2021,10
215,2021-10-03,68,61,0.24,E 13 mph,2021-10-09,9,67.0,61.0,0.0,2021,10
216,2021-10-03,70,62,0.38,E 12 mph,2021-10-10,10,66.0,61.0,0.11,2021,10
217,2021-10-03,72,62,0.24,WSW 9 mph,2021-10-11,11,70.0,62.0,0.0,2021,10
218,2021-10-03,76,62,0.24,W 9 mph,2021-10-12,12,69.0,61.0,0.0,2021,10
219,2021-10-03,73,60,0.18,NNE 9 mph,2021-10-13,13,69.0,62.0,0.0,2021,10
220,2021-10-03,70,57,0.24,N 9 mph,2021-10-14,14,75.0,63.0,0.0,2021,10
221,2021-10-03,69,58,0.16,NW 9 mph,2021-10-15,15,78.0,63.0,0.0,2021,10
222,2021-10-03,69,57,0.24,NNW 10 mph,2021-10-16,16,75.0,58.0,0.25,2021,10
223,2021-10-03,68,57,0.24,W 9 mph,2021-10-17,17,61.0,53.0,0.0,2021,10
224,2021-10-04,68,61,0.24,NE 8 mph,2021-10-05,5,65.0,60.0,0.0,2021,10
225,2021-10-04,71,63,0.07,NE 4 mph,2021-10-06,6,69.0,61.0,0.0,2021,10
226,2021-10-04,75,64,0.11,SW 5 mph,2021-10-07,7,73.0,62.0,0.0,2021,10
227,2021-10-04,76,62,0.14,W 7 mph,2021-10-08,8,74.0,62.0,0.0,2021,10
228,2021-10-04,70,63,0.24,E 14 mph,2021-10-09,9,67.0,61.0,0.0,2021,10
229,2021-10-04,70,64,0.37,E 13 mph,2021-10-10,10,66.0,61.0,0.11,2021,10
230,2021-10-04,75,63,0.24,E 9 mph,2021-10-11,11,70.0,62.0,0.0,2021,10
231,2021-10-04,75,62,0.22,W 7 mph,2021-10-12,12,69.0,61.0,0.0,2021,10
232,2021-10-04,75,61,0.17,WNW 8 mph,2021-10-13,13,69.0,62.0,0.0,2021,10
233,2021-10-04,73,60,0.17,NE 9 mph,2021-10-14,14,75.0,63.0,0.0,2021,10
234,2021-10-04,73,61,0.24,ESE 8 mph,2021-10-15,15,78.0,63.0,0.0,2021,10
235,2021-10-04,73,60,0.24,WSW 8 mph,2021-10-16,16,75.0,58.0,0.25,2021,10
236,2021-10-04,70,59,0.24,WNW 9 mph,2021-10-17,17,61.0,53.0,0.0,2021,10
237,2021-10-04,70,57,0.24,WNW 10 mph,2021-10-18,18,58.0,49.0,0.0,2021,10
238,2021-10-05,70,62,0.07,NNE 4 mph,2021-10-06,6,69.0,61.0,0.0,2021,10
239,2021-10-05,74,62,0.11,WNW 5 mph,2021-10-07,7,73.0,62.0,0.0,2021,10
240,2021-10-05,77,63,0.08,NNE 7 mph,2021-10-08,8,74.0,62.0,0.0,2021,10
241,2021-10-05,69,63,0.24,E 14 mph,2021-10-09,9,67.0,61.0,0.0,2021,10
242,2021-10-05,69,64,0.47,E 12 mph,2021-10-10,10,66.0,61.0,0.11,2021,10
243,2021-10-05,73,62,0.5,ENE 11 mph,2021-10-11,11,70.0,62.0,0.0,2021,10
244,2021-10-05,75,64,0.24,NNW 8 mph,2021-10-12,12,69.0,61.0,0.0,2021,10
245,2021-10-05,72,61,0.31,NE 9 mph,2021-10-13,13,69.0,62.0,0.0,2021,10
246,2021-10-05,71,60,0.32,NNE 11 mph,2021-10-14,14,75.0,63.0,0.0,2021,10
247,2021-10-05,70,59,0.16,NE 10 mph,2021-10-15,15,78.0,63.0,0.0,2021,10
248,2021-10-05,69,58,0.22,NE 9 mph,2021-10-16,16,75.0,58.0,0.25,2021,10
249,2021-10-05,69,57,0.24,NNE 10 mph,2021-10-17,17,61.0,53.0,0.0,2021,10
250,2021-10-05,67,56,0.24,N 11 mph,2021-10-18,18,58.0,49.0,0.0,2021,10
251,2021-10-05,67,55,0.24,NNW 10 mph,2021-10-19,19,66.0,47.0,0.0,2021,10
252,2021-10-06,73,63,0.14,WNW 5 mph,2021-10-07,7,73.0,62.0,0.0,2021,10
253,2021-10-06,76,61,0.13,NNE 6 mph,2021-10-08,8,74.0,62.0,0.0,2021,10
254,2021-10-06,68,62,0.24,ENE 15 mph,2021-10-09,9,67.0,61.0,0.0,2021,10
255,2021-10-06,67,61,0.58,ENE 14 mph,2021-10-10,10,66.0,61.0,0.11,2021,10
256,2021-10-06,72,61,0.36,NE 9 mph,2021-10-11,11,70.0,62.0,0.0,2021,10
257,2021-10-06,74,62,0.14,W 7 mph,2021-10-12,12,69.0,61.0,0.0,2021,10
258,2021-10-06,77,62,0.21,W 8 mph,2021-10-13,13,69.0,62.0,0.0,2021,10
259,2021-10-06,73,60,0.17,NE 10 mph,2021-10-14,14,75.0,63.0,0.0,2021,10
260,2021-10-06,72,61,0.22,SE 8 mph,2021-10-15,15,78.0,63.0,0.0,2021,10
261,2021-10-06,71,60,0.24,SE 7 mph,2021-10-16,16,75.0,58.0,0.25,2021,10
262,2021-10-06,69,55,0.24,NW 10 mph,2021-10-17,17,61.0,53.0,0.0,2021,10
263,2021-10-06,66,55,0.21,NW 10 mph,2021-10-18,18,58.0,49.0,0.0,2021,10
264,2021-10-06,66,55,0.24,WNW 10 mph,2021-10-19,19,66.0,47.0,0.0,2021,10
265,2021-10-06,67,56,0.24,WNW 9 mph,2021-10-20,20,74.0,57.0,0.0,2021,10
266,2021-10-07,76,62,0.08,NE 4 mph,2021-10-08,8,74.0,62.0,0.0,2021,10
267,2021-10-07,67,62,0.22,ENE 12 mph,2021-10-09,9,67.0,61.0,0.0,2021,10
268,2021-10-07,68,64,0.55,ENE 12 mph,2021-10-10,10,66.0,61.0,0.11,2021,10
269,2021-10-07,74,63,0.34,ENE 7 mph,2021-10-11,11,70.0,62.0,0.0,2021,10
270,2021-10-07,74,64,0.22,ENE 4 mph,2021-10-12,12,69.0,61.0,0.0,2021,10
271,2021-10-07,77,64,0.15,W 5 mph,2021-10-13,13,69.0,62.0,0.0,2021,10
272,2021-10-07,75,62,0.11,NNW 6 mph,2021-10-14,14,75.0,63.0,0.0,2021,10
273,2021-10-07,75,62,0.15,WSW 5 mph,2021-10-15,15,78.0,63.0,0.0,2021,10
274,2021-10-07,72,59,0.24,NNW 7 mph,2021-10-16,16,75.0,58.0,0.25,2021,10
275,2021-10-07,67,55,0.35,WNW 10 mph,2021-10-17,17,61.0,53.0,0.0,2021,10
276,2021-10-07,65,55,0.24,NW 9 mph,2021-10-18,18,58.0,49.0,0.0,2021,10
277,2021-10-07,67,56,0.24,NW 7 mph,2021-10-19,19,66.0,47.0,0.0,2021,10
278,2021-10-07,68,56,0.21,W 7 mph,2021-10-20,20,74.0,57.0,0.0,2021,10
279,2021-10-07,68,58,0.24,ENE 7 mph,2021-10-21,21,73.0,60.0,0.0,2021,10
280,2021-10-08,68,62,0.19,ENE 11 mph,2021-10-09,9,67.0,61.0,0.0,2021,10
281,2021-10-08,67,64,0.49,ENE 11 mph,2021-10-10,10,66.0,61.0,0.11,2021,10
282,2021-10-08,72,64,0.36,NE 9 mph,2021-10-11,11,70.0,62.0,0.0,2021,10
283,2021-10-08,73,63,0.24,E 6 mph,2021-10-12,12,69.0,61.0,0.0,2021,10
284,2021-10-08,75,62,0.24,WNW 4 mph,2021-10-13,13,69.0,62.0,0.0,2021,10
285,2021-10-08,75,63,0.12,NNW 4 mph,2021-10-14,14,75.0,63.0,0.0,2021,10
286,2021-10-08,76,62,0.24,W 5 mph,2021-10-15,15,78.0,63.0,0.0,2021,10
287,2021-10-08,72,58,0.18,W 8 mph,2021-10-16,16,75.0,58.0,0.25,2021,10
288,2021-10-08,68,56,0.3,WNW 8 mph,2021-10-17,17,61.0,53.0,0.0,2021,10
289,2021-10-08,66,53,0.2,WNW 9 mph,2021-10-18,18,58.0,49.0,0.0,2021,10
290,2021-10-08,65,54,0.22,WNW 6 mph,2021-10-19,19,66.0,47.0,0.0,2021,10
291,2021-10-08,66,55,0.24,W 7 mph,2021-10-20,20,74.0,57.0,0.0,2021,10
292,2021-10-08,66,54,0.24,NNE 7 mph,2021-10-21,21,73.0,60.0,0.0,2021,10
293,2021-10-08,66,55,0.37,NNW 7 mph,2021-10-22,22,68.0,57.0,0.0,2021,10
294,2021-10-09,66,62,0.55,ENE 12 mph,2021-10-10,10,66.0,61.0,0.11,2021,10
295,2021-10-09,72,62,0.16,NE 12 mph,2021-10-11,11,70.0,62.0,0.0,2021,10
296,2021-10-09,72,63,0.2,NE 7 mph,2021-10-12,12,69.0,61.0,0.0,2021,10
297,2021-10-09,74,61,0.21,WNW 3 mph,2021-10-13,13,69.0,62.0,0.0,2021,10
298,2021-10-09,77,61,0.07,NW 5 mph,2021-10-14,14,75.0,63.0,0.0,2021,10
299,2021-10-09,78,64,0.07,WSW 4 mph,2021-10-15,15,78.0,63.0,0.0,2021,10
300,2021-10-09,75,60,0.33,SW 7 mph,2021-10-16,16,75.0,58.0,0.25,2021,10
301,2021-10-09,69,54,0.21,W 10 mph,2021-10-17,17,61.0,53.0,0.0,2021,10
302,2021-10-09,66,52,0.1,WNW 9 mph,2021-10-18,18,58.0,49.0,0.0,2021,10
303,2021-10-09,65,53,0.03,WNW 8 mph,2021-10-19,19,66.0,47.0,0.0,2021,10
304,2021-10-09,66,53,0.09,W 7 mph,2021-10-20,20,74.0,57.0,0.0,2021,10
305,2021-10-09,65,52,0.24,WNW 6 mph,2021-10-21,21,73.0,60.0,0.0,2021,10
306,2021-10-09,64,52,0.24,NW 6 mph,2021-10-22,22,68.0,57.0,0.0,2021,10
307,2021-10-09,65,53,0.24,W 7 mph,2021-10-23,23,58.0,49.0,0.01,2021,10
308,2021-10-10,72,61,0.14,NE 13 mph,2021-10-11,11,70.0,62.0,0.0,2021,10
309,2021-10-10,72,62,0.18,NE 8 mph,2021-10-12,12,69.0,61.0,0.0,2021,10
310,2021-10-10,77,62,0.22,W 5 mph,2021-10-13,13,69.0,62.0,0.0,2021,10
311,2021-10-10,77,62,0.06,NW 5 mph,2021-10-14,14,75.0,63.0,0.0,2021,10
312,2021-10-10,79,63,0.12,W 5 mph,2021-10-15,15,78.0,63.0,0.0,2021,10
313,2021-10-10,75,58,0.37,WSW 8 mph,2021-10-16,16,75.0,58.0,0.25,2021,10
314,2021-10-10,67,53,0.24,WNW 10 mph,2021-10-17,17,61.0,53.0,0.0,2021,10
315,2021-10-10,65,51,0.02,WNW 11 mph,2021-10-18,18,58.0,49.0,0.0,2021,10
316,2021-10-10,66,53,0.06,WNW 6 mph,2021-10-19,19,66.0,47.0,0.0,2021,10
317,2021-10-10,66,55,0.15,SW 8 mph,2021-10-20,20,74.0,57.0,0.0,2021,10
318,2021-10-10,66,53,0.36,NW 7 mph,2021-10-21,21,73.0,60.0,0.0,2021,10
319,2021-10-10,65,52,0.24,WNW 9 mph,2021-10-22,22,68.0,57.0,0.0,2021,10
320,2021-10-10,64,52,0.24,NW 8 mph,2021-10-23,23,58.0,49.0,0.01,2021,10
321,2021-10-10,64,53,0.24,NW 8 mph,2021-10-24,24,59.0,48.0,0.01,2021,10
322,2021-10-11,72,63,0.1,NE 8 mph,2021-10-12,12,69.0,61.0,0.0,2021,10
323,2021-10-11,74,63,0.14,W 4 mph,2021-10-13,13,69.0,62.0,0.0,2021,10
324,2021-10-11,79,64,0.08,NW 6 mph,2021-10-14,14,75.0,63.0,0.0,2021,10
325,2021-10-11,81,66,0.1,W 6 mph,2021-10-15,15,78.0,63.0,0.0,2021,10
326,2021-10-11,77,58,0.52,SSW 12 mph,2021-10-16,16,75.0,58.0,0.25,2021,10
327,2021-10-11,68,52,0.06,WNW 12 mph,2021-10-17,17,61.0,53.0,0.0,2021,10
328,2021-10-11,67,51,0.02,WNW 11 mph,2021-10-18,18,58.0,49.0,0.0,2021,10
329,2021-10-11,68,54,0.04,W 7 mph,2021-10-19,19,66.0,47.0,0.0,2021,10
330,2021-10-11,69,58,0.15,SSW 9 mph,2021-10-20,20,74.0,57.0,0.0,2021,10
331,2021-10-11,65,53,0.36,N 9 mph,2021-10-21,21,73.0,60.0,0.0,2021,10
332,2021-10-11,64,52,0.24,NW 10 mph,2021-10-22,22,68.0,57.0,0.0,2021,10
333,2021-10-11,63,52,0.24,WNW 9 mph,2021-10-23,23,58.0,49.0,0.01,2021,10
334,2021-10-11,64,52,0.19,NW 9 mph,2021-10-24,24,59.0,48.0,0.01,2021,10
335,2021-10-11,64,51,0.22,NNW 9 mph,2021-10-25,25,72.0,55.0,0.08,2021,10
336,2021-10-12,75,64,0.11,WSW 5 mph,2021-10-13,13,69.0,62.0,0.0,2021,10
337,2021-10-12,79,63,0.08,NW 7 mph,2021-10-14,14,75.0,63.0,0.0,2021,10
338,2021-10-12,79,67,0.06,WSW 6 mph,2021-10-15,15,78.0,63.0,0.0,2021,10
339,2021-10-12,78,56,0.58,SSW 14 mph,2021-10-16,16,75.0,58.0,0.25,2021,10
340,2021-10-12,66,51,0.06,WNW 13 mph,2021-10-17,17,61.0,53.0,0.0,2021,10
341,2021-10-12,65,50,0.02,WNW 13 mph,2021-10-18,18,58.0,49.0,0.0,2021,10
342,2021-10-12,68,54,0.04,WNW 9 mph,2021-10-19,19,66.0,47.0,0.0,2021,10
343,2021-10-12,72,56,0.05,WSW 9 mph,2021-10-20,20,74.0,57.0,0.0,2021,10
344,2021-10-12,69,54,0.14,WNW 8 mph,2021-10-21,21,73.0,60.0,0.0,2021,10
345,2021-10-12,65,52,0.2,NNW 10 mph,2021-10-22,22,68.0,57.0,0.0,2021,10
346,2021-10-12,64,52,0.24,NW 9 mph,2021-10-23,23,58.0,49.0,0.01,2021,10
347,2021-10-12,64,51,0.13,NNW 11 mph,2021-10-24,24,59.0,48.0,0.01,2021,10
348,2021-10-12,63,51,0.24,N 10 mph,2021-10-25,25,72.0,55.0,0.08,2021,10
349,2021-10-12,64,53,0.13,NW 9 mph,2021-10-26,26,63.0,56.0,3.4199999999999995,2021,10
350,2021-10-13,78,63,0.07,NW 6 mph,2021-10-14,14,75.0,63.0,0.0,2021,10
351,2021-10-13,78,67,0.07,SW 5 mph,2021-10-15,15,78.0,63.0,0.0,2021,10
352,2021-10-13,76,54,0.54,S 14 mph,2021-10-16,16,75.0,58.0,0.25,2021,10
353,2021-10-13,64,51,0.07,WNW 13 mph,2021-10-17,17,61.0,53.0,0.0,2021,10
354,2021-10-13,62,49,0.04,WNW 15 mph,2021-10-18,18,58.0,49.0,0.0,2021,10
355,2021-10-13,68,53,0.02,WNW 9 mph,2021-10-19,19,66.0,47.0,0.0,2021,10
356,2021-10-13,71,55,0.04,WSW 8 mph,2021-10-20,20,74.0,57.0,0.0,2021,10
357,2021-10-13,71,56,0.04,W 7 mph,2021-10-21,21,73.0,60.0,0.0,2021,10
358,2021-10-13,66,52,0.32,NNW 9 mph,2021-10-22,22,68.0,57.0,0.0,2021,10
359,2021-10-13,63,51,0.24,NNW 8 mph,2021-10-23,23,58.0,49.0,0.01,2021,10
360,2021-10-13,61,51,0.24,N 9 mph,2021-10-24,24,59.0,48.0,0.01,2021,10
361,2021-10-13,63,51,0.24,NNW 9 mph,2021-10-25,25,72.0,55.0,0.08,2021,10
362,2021-10-13,65,52,0.24,NNW 7 mph,2021-10-26,26,63.0,56.0,3.4199999999999995,2021,10
363,2021-10-13,66,54,0.23,N 7 mph,2021-10-27,27,60.0,54.0,0.21,2021,10
364,2021-10-14,79,67,0.06,SW 6 mph,2021-10-15,15,78.0,63.0,0.0,2021,10
365,2021-10-14,74,54,0.58,S 14 mph,2021-10-16,16,75.0,58.0,0.25,2021,10
366,2021-10-14,64,51,0.08,WNW 13 mph,2021-10-17,17,61.0,53.0,0.0,2021,10
367,2021-10-14,61,49,0.02,NW 15 mph,2021-10-18,18,58.0,49.0,0.0,2021,10
368,2021-10-14,69,51,0.02,WNW 11 mph,2021-10-19,19,66.0,47.0,0.0,2021,10
369,2021-10-14,70,55,0.05,W 9 mph,2021-10-20,20,74.0,57.0,0.0,2021,10
370,2021-10-14,67,54,0.1,WSW 7 mph,2021-10-21,21,73.0,60.0,0.0,2021,10
371,2021-10-14,66,53,0.24,WNW 7 mph,2021-10-22,22,68.0,57.0,0.0,2021,10
372,2021-10-14,63,51,0.24,N 8 mph,2021-10-23,23,58.0,49.0,0.01,2021,10
373,2021-10-14,61,50,0.24,NNW 10 mph,2021-10-24,24,59.0,48.0,0.01,2021,10
374,2021-10-14,60,50,0.24,NW 10 mph,2021-10-25,25,72.0,55.0,0.08,2021,10
375,2021-10-14,61,50,0.19,NNW 10 mph,2021-10-26,26,63.0,56.0,3.4199999999999995,2021,10
376,2021-10-14,61,51,0.13,N 9 mph,2021-10-27,27,60.0,54.0,0.21,2021,10
377,2021-10-14,61,52,0.24,N 8 mph,2021-10-28,28,57.0,49.0,0.0,2021,10
378,2021-10-15,76,53,0.58,S 13 mph,2021-10-16,16,75.0,58.0,0.25,2021,10
379,2021-10-15,64,50,0.03,WNW 12 mph,2021-10-17,17,61.0,53.0,0.0,2021,10
380,2021-10-15,61,49,0.04,WNW 13 mph,2021-10-18,18,58.0,49.0,0.0,2021,10
381,2021-10-15,68,53,0.02,WNW 13 mph,2021-10-19,19,66.0,47.0,0.0,2021,10
382,2021-10-15,71,53,0.04,WNW 9 mph,2021-10-20,20,74.0,57.0,0.0,2021,10
383,2021-10-15,70,56,0.06,SW 6 mph,2021-10-21,21,73.0,60.0,0.0,2021,10
384,2021-10-15,67,52,0.16,W 7 mph,2021-10-22,22,68.0,57.0,0.0,2021,10
385,2021-10-15,60,49,0.22,NNE 6 mph,2021-10-23,23,58.0,49.0,0.01,2021,10
386,2021-10-15,57,46,0.3,N 9 mph,2021-10-24,24,59.0,48.0,0.01,2021,10
387,2021-10-15,59,48,0.18,NW 9 mph,2021-10-25,25,72.0,55.0,0.08,2021,10
388,2021-10-15,60,50,0.24,NW 8 mph,2021-10-26,26,63.0,56.0,3.4199999999999995,2021,10
389,2021-10-15,61,52,0.24,N 8 mph,2021-10-27,27,60.0,54.0,0.21,2021,10
390,2021-10-15,62,52,0.24,N 8 mph,2021-10-28,28,57.0,49.0,0.0,2021,10
391,2021-10-15,64,52,0.31,NW 8 mph,2021-10-29,29,56.0,47.0,0.39,2021,10
392,2021-10-16,65,50,0.04,WNW 12 mph,2021-10-17,17,61.0,53.0,0.0,2021,10
393,2021-10-16,63,48,0.02,WNW 14 mph,2021-10-18,18,58.0,49.0,0.0,2021,10
394,2021-10-16,70,55,0.02,W 14 mph,2021-10-19,19,66.0,47.0,0.0,2021,10
395,2021-10-16,74,54,0.04,WNW 10 mph,2021-10-20,20,74.0,57.0,0.0,2021,10
396,2021-10-16,74,57,0.05,SW 9 mph,2021-10-21,21,73.0,60.0,0.0,2021,10
397,2021-10-16,71,54,0.22,W 10 mph,2021-10-22,22,68.0,57.0,0.0,2021,10
398,2021-10-16,65,53,0.24,NNW 7 mph,2021-10-23,23,58.0,49.0,0.01,2021,10
399,2021-10-16,63,49,0.24,NNW 11 mph,2021-10-24,24,59.0,48.0,0.01,2021,10
400,2021-10-16,63,51,0.12,NW 11 mph,2021-10-25,25,72.0,55.0,0.08,2021,10
401,2021-10-16,64,52,0.24,WNW 9 mph,2021-10-26,26,63.0,56.0,3.4199999999999995,2021,10
402,2021-10-16,64,52,0.24,NNW 10 mph,2021-10-27,27,60.0,54.0,0.21,2021,10
403,2021-10-16,65,53,0.24,NW 10 mph,2021-10-28,28,57.0,49.0,0.0,2021,10
404,2021-10-16,64,53,0.3,NW 10 mph,2021-10-29,29,56.0,47.0,0.39,2021,10
405,2021-10-16,65,53,0.24,NNW 8 mph,2021-10-30,30,64.0,53.0,0.5900000000000001,2021,10
406,2021-10-17,60,47,0.06,WNW 14 mph,2021-10-18,18,58.0,49.0,0.0,2021,10
407,2021-10-17,68,55,0.02,WNW 13 mph,2021-10-19,19,66.0,47.0,0.0,2021,10
408,2021-10-17,75,55,0.03,W 10 mph,2021-10-20,20,74.0,57.0,0.0,2021,10
409,2021-10-17,74,58,0.06,SW 9 mph,2021-10-21,21,73.0,60.0,0.0,2021,10
410,2021-10-17,66,50,0.23,WNW 10 mph,2021-10-22,22,68.0,57.0,0.0,2021,10
411,2021-10-17,62,46,0.17,NNW 7 mph,2021-10-23,23,58.0,49.0,0.01,2021,10
412,2021-10-17,60,46,0.03,NNW 9 mph,2021-10-24,24,59.0,48.0,0.01,2021,10
413,2021-10-17,61,48,0.1,NW 7 mph,2021-10-25,25,72.0,55.0,0.08,2021,10
414,2021-10-17,62,50,0.19,NW 7 mph,2021-10-26,26,63.0,56.0,3.4199999999999995,2021,10
415,2021-10-17,65,54,0.11,W 7 mph,2021-10-27,27,60.0,54.0,0.21,2021,10
416,2021-10-17,65,55,0.39,S 9 mph,2021-10-28,28,57.0,49.0,0.0,2021,10
417,2021-10-17,65,54,0.3,NW 10 mph,2021-10-29,29,56.0,47.0,0.39,2021,10
418,2021-10-17,64,54,0.24,NNW 10 mph,2021-10-30,30,64.0,53.0,0.5900000000000001,2021,10
419,2021-10-17,64,54,0.3,NNW 8 mph,2021-10-31,31,63.0,55.0,0.04,2021,10
420,2021-10-18,68,56,0.02,WNW 13 mph,2021-10-19,19,66.0,47.0,0.0,2021,10
421,2021-10-18,77,57,0.03,W 10 mph,2021-10-20,20,74.0,57.0,0.0,2021,10
422,2021-10-18,75,60,0.05,SSW 10 mph,2021-10-21,21,73.0,60.0,0.0,2021,10
423,2021-10-18,71,55,0.15,W 9 mph,2021-10-22,22,68.0,57.0,0.0,2021,10
424,2021-10-18,64,50,0.24,NNW 7 mph,2021-10-23,23,58.0,49.0,0.01,2021,10
425,2021-10-18,62,48,0.09,WNW 11 mph,2021-10-24,24,59.0,48.0,0.01,2021,10
426,2021-10-18,59,46,0.24,NNW 10 mph,2021-10-25,25,72.0,55.0,0.08,2021,10
427,2021-10-18,59,48,0.13,NNW 8 mph,2021-10-26,26,63.0,56.0,3.4199999999999995,2021,10
428,2021-10-18,61,51,0.24,ESE 7 mph,2021-10-27,27,60.0,54.0,0.21,2021,10
429,2021-10-18,65,55,0.24,S 9 mph,2021-10-28,28,57.0,49.0,0.0,2021,10
430,2021-10-18,65,53,0.37,SW 9 mph,2021-10-29,29,56.0,47.0,0.39,2021,10
431,2021-10-18,65,52,0.24,W 10 mph,2021-10-30,30,64.0,53.0,0.5900000000000001,2021,10
432,2021-10-18,64,54,0.21,WNW 10 mph,2021-10-31,31,63.0,55.0,0.04,2021,10
433,2021-10-18,62,51,0.33,NW 10 mph,2021-11-01,1,58.0,51.0,0.0,2021,11
434,2021-10-19,77,57,0.01,W 9 mph,2021-10-20,20,74.0,57.0,0.0,2021,10
435,2021-10-19,76,59,0.04,SSW 9 mph,2021-10-21,21,73.0,60.0,0.0,2021,10
436,2021-10-19,70,53,0.07,W 7 mph,2021-10-22,22,68.0,57.0,0.0,2021,10
437,2021-10-19,60,46,0.34,NNW 8 mph,2021-10-23,23,58.0,49.0,0.01,2021,10
438,2021-10-19,59,44,0.07,NW 10 mph,2021-10-24,24,59.0,48.0,0.01,2021,10
439,2021-10-19,58,47,0.23,NNW 7 mph,2021-10-25,25,72.0,55.0,0.08,2021,10
440,2021-10-19,58,47,0.24,N 8 mph,2021-10-26,26,63.0,56.0,3.4199999999999995,2021,10
441,2021-10-19,63,54,0.09,NE 8 mph,2021-10-27,27,60.0,54.0,0.21,2021,10
442,2021-10-19,65,54,0.32,S 9 mph,2021-10-28,28,57.0,49.0,0.0,2021,10
443,2021-10-19,66,55,0.35,WNW 7 mph,2021-10-29,29,56.0,47.0,0.39,2021,10
444,2021-10-19,66,55,0.24,W 8 mph,2021-10-30,30,64.0,53.0,0.5900000000000001,2021,10
445,2021-10-19,63,54,0.24,W 9 mph,2021-10-31,31,63.0,55.0,0.04,2021,10
446,2021-10-19,61,51,0.33,W 9 mph,2021-11-01,1,58.0,51.0,0.0,2021,11
447,2021-10-19,60,50,0.24,WNW 9 mph,2021-11-02,2,52.0,46.0,0.0,2021,11
448,2021-10-20,76,61,0.05,SSW 8 mph,2021-10-21,21,73.0,60.0,0.0,2021,10
449,2021-10-20,70,53,0.05,W 7 mph,2021-10-22,22,68.0,57.0,0.0,2021,10
450,2021-10-20,59,47,0.15,NNW 8 mph,2021-10-23,23,58.0,49.0,0.01,2021,10
451,2021-10-20,62,48,0.16,WNW 7 mph,2021-10-24,24,59.0,48.0,0.01,2021,10
452,2021-10-20,57,48,0.34,NNW 6 mph,2021-10-25,25,72.0,55.0,0.08,2021,10
453,2021-10-20,59,49,0.51,NNE 10 mph,2021-10-26,26,63.0,56.0,3.4199999999999995,2021,10
454,2021-10-20,62,54,0.31,NNE 10 mph,2021-10-27,27,60.0,54.0,0.21,2021,10
455,2021-10-20,64,54,0.34,ESE 11 mph,2021-10-28,28,57.0,49.0,0.0,2021,10
456,2021-10-20,65,53,0.41,SSE 10 mph,2021-10-29,29,56.0,47.0,0.39,2021,10
457,2021-10-20,63,52,0.24,SW 10 mph,2021-10-30,30,64.0,53.0,0.5900000000000001,2021,10
458,2021-10-20,63,52,0.24,W 9 mph,2021-10-31,31,63.0,55.0,0.04,2021,10
459,2021-10-20,63,50,0.24,W 9 mph,2021-11-01,1,58.0,51.0,0.0,2021,11
460,2021-10-20,61,50,0.19,W 8 mph,2021-11-02,2,52.0,46.0,0.0,2021,11
461,2021-10-20,61,48,0.31,W 9 mph,2021-11-03,3,51.0,41.0,0.0,2021,11
462,2021-10-21,69,54,0.05,W 8 mph,2021-10-22,22,68.0,57.0,0.0,2021,10
463,2021-10-21,61,48,0.13,NNW 6 mph,2021-10-23,23,58.0,49.0,0.01,2021,10
464,2021-10-21,63,51,0.13,W 6 mph,2021-10-24,24,59.0,48.0,0.01,2021,10
465,2021-10-21,58,54,0.49,NE 7 mph,2021-10-25,25,72.0,55.0,0.08,2021,10
466,2021-10-21,60,52,0.59,NNE 10 mph,2021-10-26,26,63.0,56.0,3.4199999999999995,2021,10
467,2021-10-21,60,52,0.32,NE 11 mph,2021-10-27,27,60.0,54.0,0.21,2021,10
468,2021-10-21,64,59,0.42,ENE 9 mph,2021-10-28,28,57.0,49.0,0.0,2021,10
469,2021-10-21,64,53,0.51,SSE 12 mph,2021-10-29,29,56.0,47.0,0.39,2021,10
470,2021-10-21,62,51,0.33,WSW 10 mph,2021-10-30,30,64.0,53.0,0.5900000000000001,2021,10
471,2021-10-21,63,50,0.24,W 10 mph,2021-10-31,31,63.0,55.0,0.04,2021,10
472,2021-10-21,61,49,0.24,W 10 mph,2021-11-01,1,58.0,51.0,0.0,2021,11
473,2021-10-21,61,49,0.24,W 8 mph,2021-11-02,2,52.0,46.0,0.0,2021,11
474,2021-10-21,59,49,0.24,WNW 9 mph,2021-11-03,3,51.0,41.0,0.0,2021,11
475,2021-10-21,60,48,0.34,WNW 9 mph,2021-11-04,4,,,,2021,11
476,2021-10-22,60,49,0.12,NW 5 mph,2021-10-23,23,58.0,49.0,0.01,2021,10
477,2021-10-22,63,58,0.05,W 5 mph,2021-10-24,24,59.0,48.0,0.01,2021,10
478,2021-10-22,70,60,0.24,S 10 mph,2021-10-25,25,72.0,55.0,0.08,2021,10
479,2021-10-22,63,52,0.8,N 13 mph,2021-10-26,26,63.0,56.0,3.4199999999999995,2021,10
480,2021-10-22,61,54,0.35,NNW 13 mph,2021-10-27,27,60.0,54.0,0.21,2021,10
481,2021-10-22,64,55,0.52,E 13 mph,2021-10-28,28,57.0,49.0,0.0,2021,10
482,2021-10-22,65,52,0.32,SW 11 mph,2021-10-29,29,56.0,47.0,0.39,2021,10
483,2021-10-22,61,51,0.24,W 11 mph,2021-10-30,30,64.0,53.0,0.5900000000000001,2021,10
484,2021-10-22,65,49,0.21,W 12 mph,2021-10-31,31,63.0,55.0,0.04,2021,10
485,2021-10-22,62,48,0.14,W 11 mph,2021-11-01,1,58.0,51.0,0.0,2021,11
486,2021-10-22,61,50,0.23,W 10 mph,2021-11-02,2,52.0,46.0,0.0,2021,11
487,2021-10-22,60,48,0.3,WSW 11 mph,2021-11-03,3,51.0,41.0,0.0,2021,11
488,2021-10-22,59,49,0.3,W 10 mph,2021-11-04,4,,,,2021,11
489,2021-10-22,60,47,0.32,W 10 mph,2021-11-05,5,,,,2021,11
490,2021-10-23,62,57,0.06,W 6 mph,2021-10-24,24,59.0,48.0,0.01,2021,10
491,2021-10-23,76,60,0.24,SSW 10 mph,2021-10-25,25,72.0,55.0,0.08,2021,10
492,2021-10-23,63,53,0.76,NW 12 mph,2021-10-26,26,63.0,56.0,3.4199999999999995,2021,10
493,2021-10-23,59,52,0.47,NNW 14 mph,2021-10-27,27,60.0,54.0,0.21,2021,10
494,2021-10-23,63,56,0.15,NNE 9 mph,2021-10-28,28,57.0,49.0,0.0,2021,10
495,2021-10-23,63,58,0.56,E 11 mph,2021-10-29,29,56.0,47.0,0.39,2021,10
496,2021-10-23,63,53,0.51,SW 11 mph,2021-10-30,30,64.0,53.0,0.5900000000000001,2021,10
497,2021-10-23,63,51,0.24,W 13 mph,2021-10-31,31,63.0,55.0,0.04,2021,10
498,2021-10-23,61,48,0.08,W 13 mph,2021-11-01,1,58.0,51.0,0.0,2021,11
499,2021-10-23,62,50,0.11,WSW 9 mph,2021-11-02,2,52.0,46.0,0.0,2021,11
500,2021-10-23,61,49,0.24,WSW 10 mph,2021-11-03,3,51.0,41.0,0.0,2021,11
501,2021-10-23,60,48,0.24,W 10 mph,2021-11-04,4,,,,2021,11
502,2021-10-23,60,48,0.24,W 11 mph,2021-11-05,5,,,,2021,11
503,2021-10-23,60,47,0.22,W 11 mph,2021-11-06,6,52.0,41.0,0.0,2021,11
504,2021-10-24,74,59,0.24,SSW 7 mph,2021-10-25,25,72.0,55.0,0.08,2021,10
505,2021-10-24,62,54,0.72,N 14 mph,2021-10-26,26,63.0,56.0,3.4199999999999995,2021,10
506,2021-10-24,62,51,0.21,N 16 mph,2021-10-27,27,60.0,54.0,0.21,2021,10
507,2021-10-24,60,53,0.07,NE 9 mph,2021-10-28,28,57.0,49.0,0.0,2021,10
508,2021-10-24,59,56,0.5,E 16 mph,2021-10-29,29,56.0,47.0,0.39,2021,10
509,2021-10-24,63,54,0.46,ESE 10 mph,2021-10-30,30,64.0,53.0,0.5900000000000001,2021,10
510,2021-10-24,62,51,0.38,W 9 mph,2021-10-31,31,63.0,55.0,0.04,2021,10
511,2021-10-24,64,50,0.04,WNW 9 mph,2021-11-01,1,58.0,51.0,0.0,2021,11
512,2021-10-24,59,48,0.23,W 9 mph,2021-11-02,2,52.0,46.0,0.0,2021,11
513,2021-10-24,59,48,0.23,WSW 9 mph,2021-11-03,3,51.0,41.0,0.0,2021,11
514,2021-10-24,58,46,0.24,W 8 mph,2021-11-04,4,,,,2021,11
515,2021-10-24,57,46,0.24,WNW 8 mph,2021-11-05,5,,,,2021,11
516,2021-10-24,57,47,0.24,WNW 9 mph,2021-11-06,6,52.0,41.0,0.0,2021,11
517,2021-10-24,56,47,0.41,WNW 10 mph,2021-11-07,7,53.0,41.0,0.0,2021,11
518,2021-10-25,61,53,1.0,NE 14 mph,2021-10-26,26,63.0,56.0,3.4199999999999995,2021,10
519,2021-10-25,60,47,0.24,N 17 mph,2021-10-27,27,60.0,54.0,0.21,2021,10
520,2021-10-25,59,51,0.05,NE 7 mph,2021-10-28,28,57.0,49.0,0.0,2021,10
521,2021-10-25,58,55,0.62,E 17 mph,2021-10-29,29,56.0,47.0,0.39,2021,10
522,2021-10-25,61,52,0.55,SSE 8 mph,2021-10-30,30,64.0,53.0,0.5900000000000001,2021,10
523,2021-10-25,62,49,0.24,WNW 10 mph,2021-10-31,31,63.0,55.0,0.04,2021,10
524,2021-10-25,61,49,0.05,WNW 9 mph,2021-11-01,1,58.0,51.0,0.0,2021,11
525,2021-10-25,60,47,0.21,W 8 mph,2021-11-02,2,52.0,46.0,0.0,2021,11
526,2021-10-25,54,43,0.33,WNW 9 mph,2021-11-03,3,51.0,41.0,0.0,2021,11
527,2021-10-25,56,44,0.24,WNW 9 mph,2021-11-04,4,,,,2021,11
528,2021-10-25,55,44,0.32,NW 10 mph,2021-11-05,5,,,,2021,11
529,2021-10-25,56,44,0.24,WNW 10 mph,2021-11-06,6,52.0,41.0,0.0,2021,11
530,2021-10-25,55,45,0.24,WNW 10 mph,2021-11-07,7,53.0,41.0,0.0,2021,11
531,2021-10-25,56,45,0.22,W 9 mph,2021-11-08,8,63.0,46.0,0.0,2021,11
532,2021-10-26,60,48,0.1,N 19 mph,2021-10-27,27,60.0,54.0,0.21,2021,10
533,2021-10-26,61,50,0.05,NE 8 mph,2021-10-28,28,57.0,49.0,0.0,2021,10
534,2021-10-26,57,56,0.68,ENE 15 mph,2021-10-29,29,56.0,47.0,0.39,2021,10
535,2021-10-26,65,54,0.6,SE 6 mph,2021-10-30,30,64.0,53.0,0.5900000000000001,2021,10
536,2021-10-26,64,50,0.22,W 9 mph,2021-10-31,31,63.0,55.0,0.04,2021,10
537,2021-10-26,61,49,0.05,WNW 8 mph,2021-11-01,1,58.0,51.0,0.0,2021,11
538,2021-10-26,61,48,0.11,WSW 7 mph,2021-11-02,2,52.0,46.0,0.0,2021,11
539,2021-10-26,58,45,0.24,WNW 7 mph,2021-11-03,3,51.0,41.0,0.0,2021,11
540,2021-10-26,58,45,0.19,W 8 mph,2021-11-04,4,,,,2021,11
541,2021-10-26,57,43,0.24,W 9 mph,2021-11-05,5,,,,2021,11
542,2021-10-26,56,43,0.23,WNW 9 mph,2021-11-06,6,52.0,41.0,0.0,2021,11
543,2021-10-26,56,45,0.24,W 8 mph,2021-11-07,7,53.0,41.0,0.0,2021,11
544,2021-10-26,56,46,0.33,W 8 mph,2021-11-08,8,63.0,46.0,0.0,2021,11
545,2021-10-26,58,45,0.35,W 9 mph,2021-11-09,9,68.0,50.0,0.0,2021,11
546,2021-10-27,60,49,0.05,NE 7 mph,2021-10-28,28,57.0,49.0,0.0,2021,10
547,2021-10-27,57,54,0.46,ENE 13 mph,2021-10-29,29,56.0,47.0,0.39,2021,10
548,2021-10-27,64,55,0.84,SE 11 mph,2021-10-30,30,64.0,53.0,0.5900000000000001,2021,10
549,2021-10-27,63,52,0.33,WSW 6 mph,2021-10-31,31,63.0,55.0,0.04,2021,10
550,2021-10-27,63,48,0.05,WNW 8 mph,2021-11-01,1,58.0,51.0,0.0,2021,11
551,2021-10-27,60,48,0.06,W 6 mph,2021-11-02,2,52.0,46.0,0.0,2021,11
552,2021-10-27,58,48,0.19,WNW 7 mph,2021-11-03,3,51.0,41.0,0.0,2021,11
553,2021-10-27,57,45,0.24,W 9 mph,2021-11-04,4,,,,2021,11
554,2021-10-27,55,43,0.32,WNW 8 mph,2021-11-05,5,,,,2021,11
555,2021-10-27,54,44,0.23,WNW 7 mph,2021-11-06,6,52.0,41.0,0.0,2021,11
556,2021-10-27,55,45,0.19,WNW 7 mph,2021-11-07,7,53.0,41.0,0.0,2021,11
557,2021-10-27,55,45,0.3,W 8 mph,2021-11-08,8,63.0,46.0,0.0,2021,11
558,2021-10-27,56,46,0.24,W 8 mph,2021-11-09,9,68.0,50.0,0.0,2021,11
559,2021-10-27,59,50,0.24,WSW 8 mph,2021-11-10,10,63.0,50.0,0.0,2021,11
560,2021-10-28,59,55,0.4,ENE 15 mph,2021-10-29,29,56.0,47.0,0.39,2021,10
561,2021-10-28,64,54,0.65,SE 7 mph,2021-10-30,30,64.0,53.0,0.5900000000000001,2021,10
562,2021-10-28,63,51,0.11,WSW 8 mph,2021-10-31,31,63.0,55.0,0.04,2021,10
563,2021-10-28,62,47,0.05,WNW 8 mph,2021-11-01,1,58.0,51.0,0.0,2021,11
564,2021-10-28,56,44,0.31,WNW 5 mph,2021-11-02,2,52.0,46.0,0.0,2021,11
565,2021-10-28,55,44,0.18,WNW 6 mph,2021-11-03,3,51.0,41.0,0.0,2021,11
566,2021-10-28,54,45,0.24,NNW 7 mph,2021-11-04,4,,,,2021,11
567,2021-10-28,55,44,0.24,NNW 9 mph,2021-11-05,5,,,,2021,11
568,2021-10-28,52,42,0.24,WNW 11 mph,2021-11-06,6,52.0,41.0,0.0,2021,11
569,2021-10-28,55,44,0.24,NW 9 mph,2021-11-07,7,53.0,41.0,0.0,2021,11
570,2021-10-28,55,44,0.31,NW 9 mph,2021-11-08,8,63.0,46.0,0.0,2021,11
571,2021-10-28,57,45,0.3,NW 8 mph,2021-11-09,9,68.0,50.0,0.0,2021,11
572,2021-10-28,57,48,0.23,WNW 7 mph,2021-11-10,10,63.0,50.0,0.0,2021,11
573,2021-10-28,58,49,0.24,WSW 8 mph,2021-11-11,11,61.0,46.0,0.01,2021,11
574,2021-10-29,64,54,0.6,SSE 9 mph,2021-10-30,30,64.0,53.0,0.5900000000000001,2021,10
575,2021-10-29,63,50,0.16,WSW 9 mph,2021-10-31,31,63.0,55.0,0.04,2021,10
576,2021-10-29,60,47,0.05,WNW 9 mph,2021-11-01,1,58.0,51.0,0.0,2021,11
577,2021-10-29,53,42,0.22,W 6 mph,2021-11-02,2,52.0,46.0,0.0,2021,11
578,2021-10-29,54,43,0.17,WNW 6 mph,2021-11-03,3,51.0,41.0,0.0,2021,11
579,2021-10-29,51,43,0.3,NW 6 mph,2021-11-04,4,,,,2021,11
580,2021-10-29,51,42,0.24,WNW 8 mph,2021-11-05,5,,,,2021,11
581,2021-10-29,53,41,0.15,WNW 9 mph,2021-11-06,6,52.0,41.0,0.0,2021,11
582,2021-10-29,54,45,0.08,NW 7 mph,2021-11-07,7,53.0,41.0,0.0,2021,11
583,2021-10-29,55,44,0.36,NE 9 mph,2021-11-08,8,63.0,46.0,0.0,2021,11
584,2021-10-29,55,44,0.31,NW 8 mph,2021-11-09,9,68.0,50.0,0.0,2021,11
585,2021-10-29,55,44,0.24,NNW 8 mph,2021-11-10,10,63.0,50.0,0.0,2021,11
586,2021-10-29,55,46,0.21,NW 8 mph,2021-11-11,11,61.0,46.0,0.01,2021,11
587,2021-10-29,56,46,0.3,WNW 7 mph,2021-11-12,12,65.0,51.0,0.48,2021,11
588,2021-10-30,63,51,0.13,WSW 9 mph,2021-10-31,31,63.0,55.0,0.04,2021,10
589,2021-10-30,58,45,0.05,WNW 10 mph,2021-11-01,1,58.0,51.0,0.0,2021,11
590,2021-10-30,53,43,0.1,W 5 mph,2021-11-02,2,52.0,46.0,0.0,2021,11
591,2021-10-30,53,38,0.14,NW 6 mph,2021-11-03,3,51.0,41.0,0.0,2021,11
592,2021-10-30,51,38,0.05,NW 3 mph,2021-11-04,4,,,,2021,11
593,2021-10-30,51,40,0.3,NNW 7 mph,2021-11-05,5,,,,2021,11
594,2021-10-30,51,41,0.24,N 9 mph,2021-11-06,6,52.0,41.0,0.0,2021,11
595,2021-10-30,52,42,0.15,NW 7 mph,2021-11-07,7,53.0,41.0,0.0,2021,11
596,2021-10-30,53,41,0.24,N 8 mph,2021-11-08,8,63.0,46.0,0.0,2021,11
597,2021-10-30,53,42,0.38,NNW 10 mph,2021-11-09,9,68.0,50.0,0.0,2021,11
598,2021-10-30,53,42,0.24,NW 8 mph,2021-11-10,10,63.0,50.0,0.0,2021,11
599,2021-10-30,52,44,0.17,NW 8 mph,2021-11-11,11,61.0,46.0,0.01,2021,11
600,2021-10-30,56,48,0.24,W 7 mph,2021-11-12,12,65.0,51.0,0.48,2021,11
601,2021-10-30,57,49,0.32,SSE 8 mph,2021-11-13,13,62.0,41.0,0.33,2021,11
602,2021-10-31,60,47,0.05,WNW 11 mph,2021-11-01,1,58.0,51.0,0.0,2021,11
603,2021-10-31,54,41,0.16,W 9 mph,2021-11-02,2,52.0,46.0,0.0,2021,11
604,2021-10-31,54,40,0.05,NW 7 mph,2021-11-03,3,51.0,41.0,0.0,2021,11
605,2021-10-31,51,44,0.04,NNW 4 mph,2021-11-04,4,,,,2021,11
606,2021-10-31,52,44,0.4,NNE 9 mph,2021-11-05,5,,,,2021,11
607,2021-10-31,55,41,0.31,NNE 11 mph,2021-11-06,6,52.0,41.0,0.0,2021,11
608,2021-10-31,56,45,0.09,NNW 8 mph,2021-11-07,7,53.0,41.0,0.0,2021,11
609,2021-10-31,58,44,0.24,NW 9 mph,2021-11-08,8,63.0,46.0,0.0,2021,11
610,2021-10-31,55,43,0.18,NNW 8 mph,2021-11-09,9,68.0,50.0,0.0,2021,11
611,2021-10-31,56,46,0.24,ENE 8 mph,2021-11-10,10,63.0,50.0,0.0,2021,11
612,2021-10-31,58,47,0.24,NNW 9 mph,2021-11-11,11,61.0,46.0,0.01,2021,11
613,2021-10-31,57,49,0.24,S 8 mph,2021-11-12,12,65.0,51.0,0.48,2021,11
614,2021-10-31,57,47,0.33,SSW 10 mph,2021-11-13,13,62.0,41.0,0.33,2021,11
615,2021-10-31,57,46,0.19,W 10 mph,2021-11-14,14,47.0,38.0,0.02,2021,11
616,2021-11-01,54,39,0.06,WSW 8 mph,2021-11-02,2,52.0,46.0,0.0,2021,11
617,2021-11-01,53,40,0.05,NW 6 mph,2021-11-03,3,51.0,41.0,0.0,2021,11
618,2021-11-01,51,43,0.07,NNE 4 mph,2021-11-04,4,,,,2021,11
619,2021-11-01,49,39,0.24,NNE 8 mph,2021-11-05,5,,,,2021,11
620,2021-11-01,53,41,0.2,N 7 mph,2021-11-06,6,52.0,41.0,0.0,2021,11
621,2021-11-01,55,43,0.08,NNW 6 mph,2021-11-07,7,53.0,41.0,0.0,2021,11
622,2021-11-01,57,44,0.08,NNW 5 mph,2021-11-08,8,63.0,46.0,0.0,2021,11
623,2021-11-01,59,45,0.17,NNW 8 mph,2021-11-09,9,68.0,50.0,0.0,2021,11
624,2021-11-01,58,46,0.1,NW 8 mph,2021-11-10,10,63.0,50.0,0.0,2021,11
625,2021-11-01,58,49,0.09,E 6 mph,2021-11-11,11,61.0,46.0,0.01,2021,11
626,2021-11-01,61,52,0.24,S 7 mph,2021-11-12,12,65.0,51.0,0.48,2021,11
627,2021-11-01,60,51,0.33,S 8 mph,2021-11-13,13,62.0,41.0,0.33,2021,11
628,2021-11-01,58,49,0.42,SSW 9 mph,2021-11-14,14,47.0,38.0,0.02,2021,11
629,2021-11-01,55,46,0.24,WNW 10 mph,2021-11-15,15,47.0,39.0,0.0,2021,11
630,2021-11-02,53,38,0.04,WNW 5 mph,2021-11-03,3,51.0,41.0,0.0,2021,11
631,2021-11-02,52,39,0.05,N 4 mph,2021-11-04,4,,,,2021,11
632,2021-11-02,52,38,0.08,N 6 mph,2021-11-05,5,,,,2021,11
633,2021-11-02,53,41,0.12,NNE 5 mph,2021-11-06,6,52.0,41.0,0.0,2021,11
634,2021-11-02,52,43,0.16,N 6 mph,2021-11-07,7,53.0,41.0,0.0,2021,11
635,2021-11-02,57,45,0.1,NNW 8 mph,2021-11-08,8,63.0,46.0,0.0,2021,11
636,2021-11-02,59,45,0.12,WNW 8 mph,2021-11-09,9,68.0,50.0,0.0,2021,11
637,2021-11-02,60,47,0.06,NW 8 mph,2021-11-10,10,63.0,50.0,0.0,2021,11
638,2021-11-02,60,50,0.12,NNW 6 mph,2021-11-11,11,61.0,46.0,0.01,2021,11
639,2021-11-02,60,52,0.24,SE 7 mph,2021-11-12,12,65.0,51.0,0.48,2021,11
640,2021-11-02,60,52,0.35,SSE 8 mph,2021-11-13,13,62.0,41.0,0.33,2021,11
641,2021-11-02,57,49,0.46,SSW 10 mph,2021-11-14,14,47.0,38.0,0.02,2021,11
642,2021-11-02,55,46,0.33,WSW 10 mph,2021-11-15,15,47.0,39.0,0.0,2021,11
643,2021-11-02,54,46,0.24,WSW 9 mph,2021-11-16,16,48.0,37.0,0.0,2021,11
644,2021-11-03,52,39,0.04,N 4 mph,2021-11-04,4,,,,2021,11
645,2021-11-03,53,39,0.02,N 6 mph,2021-11-05,5,,,,2021,11
646,2021-11-03,54,42,0.04,N 3 mph,2021-11-06,6,52.0,41.0,0.0,2021,11
647,2021-11-03,56,43,0.24,N 5 mph,2021-11-07,7,53.0,41.0,0.0,2021,11
648,2021-11-03,59,46,0.15,NNW 8 mph,2021-11-08,8,63.0,46.0,0.0,2021,11
649,2021-11-03,62,49,0.04,WNW 6 mph,2021-11-09,9,68.0,50.0,0.0,2021,11
650,2021-11-03,60,46,0.03,NW 7 mph,2021-11-10,10,63.0,50.0,0.0,2021,11
651,2021-11-03,61,54,0.18,SE 7 mph,2021-11-11,11,61.0,46.0,0.01,2021,11
652,2021-11-03,63,54,0.35,S 8 mph,2021-11-12,12,65.0,51.0,0.48,2021,11
653,2021-11-03,60,51,0.47,SSE 9 mph,2021-11-13,13,62.0,41.0,0.33,2021,11
654,2021-11-03,55,46,0.47,NNW 10 mph,2021-11-14,14,47.0,38.0,0.02,2021,11
655,2021-11-03,53,44,0.24,W 9 mph,2021-11-15,15,47.0,39.0,0.0,2021,11
656,2021-11-03,52,44,0.21,W 8 mph,2021-11-16,16,48.0,37.0,0.0,2021,11
657,2021-11-03,52,43,0.16,WNW 9 mph,2021-11-17,17,57.0,39.0,0.0,2021,11
658,2021-11-04,53,38,0.03,N 9 mph,2021-11-05,5,,,,2021,11
659,2021-11-04,55,41,0.08,NE 3 mph,2021-11-06,6,52.0,41.0,0.0,2021,11
660,2021-11-04,56,44,0.05,N 5 mph,2021-11-07,7,53.0,41.0,0.0,2021,11
661,2021-11-04,62,44,0.04,NNW 7 mph,2021-11-08,8,63.0,46.0,0.0,2021,11
662,2021-11-04,62,49,0.06,W 6 mph,2021-11-09,9,68.0,50.0,0.0,2021,11
663,2021-11-04,63,49,0.08,WNW 8 mph,2021-11-10,10,63.0,50.0,0.0,2021,11
664,2021-11-04,59,52,0.06,SE 6 mph,2021-11-11,11,61.0,46.0,0.01,2021,11
665,2021-11-04,61,56,0.36,SE 11 mph,2021-11-12,12,65.0,51.0,0.48,2021,11
666,2021-11-04,60,48,0.51,S 13 mph,2021-11-13,13,62.0,41.0,0.33,2021,11
667,2021-11-04,55,44,0.3,W 11 mph,2021-11-14,14,47.0,38.0,0.02,2021,11
668,2021-11-04,54,45,0.18,W 11 mph,2021-11-15,15,47.0,39.0,0.0,2021,11
669,2021-11-04,57,45,0.17,SW 11 mph,2021-11-16,16,48.0,37.0,0.0,2021,11
670,2021-11-04,52,42,0.24,W 11 mph,2021-11-17,17,57.0,39.0,0.0,2021,11
671,2021-11-04,51,44,0.21,WNW 8 mph,2021-11-18,18,69.0,47.0,0.09000000000000001,2021,11
672,2021-11-07,64,47,0.02,N 8 mph,2021-11-08,8,63.0,46.0,0.0,2021,11
673,2021-11-07,66,49,0.06,WNW 4 mph,2021-11-09,9,68.0,50.0,0.0,2021,11
674,2021-11-07,64,47,0.05,NNW 6 mph,2021-11-10,10,63.0,50.0,0.0,2021,11
675,2021-11-07,61,58,0.07,ESE 9 mph,2021-11-11,11,61.0,46.0,0.01,2021,11
676,2021-11-07,67,58,0.41,S 11 mph,2021-11-12,12,65.0,51.0,0.48,2021,11
677,2021-11-07,62,49,0.39,WSW 8 mph,2021-11-13,13,62.0,41.0,0.33,2021,11
678,2021-11-07,53,42,0.24,WNW 12 mph,2021-11-14,14,47.0,38.0,0.02,2021,11
679,2021-11-07,47,39,0.34,NW 11 mph,2021-11-15,15,47.0,39.0,0.0,2021,11
680,2021-11-07,52,42,0.24,W 8 mph,2021-11-16,16,48.0,37.0,0.0,2021,11
681,2021-11-07,53,42,0.11,WNW 9 mph,2021-11-17,17,57.0,39.0,0.0,2021,11
682,2021-11-07,52,44,0.11,WSW 8 mph,2021-11-18,18,69.0,47.0,0.09000000000000001,2021,11
683,2021-11-07,51,43,0.24,W 9 mph,2021-11-19,19,48.0,39.0,0.01,2021,11
684,2021-11-07,49,40,0.3,W 9 mph,2021-11-20,20,47.0,35.0,0.0,2021,11
685,2021-11-07,47,40,0.21,WNW 9 mph,2021-11-21,21,56.0,45.0,0.01,2021,11
686,2021-11-08,66,51,0.07,WNW 4 mph,2021-11-09,9,68.0,50.0,0.0,2021,11
687,2021-11-08,64,43,0.06,NW 9 mph,2021-11-10,10,63.0,50.0,0.0,2021,11
688,2021-11-08,60,57,0.07,ESE 9 mph,2021-11-11,11,61.0,46.0,0.01,2021,11
689,2021-11-08,64,47,0.93,SSW 15 mph,2021-11-12,12,65.0,51.0,0.48,2021,11
690,2021-11-08,57,42,0.24,W 6 mph,2021-11-13,13,62.0,41.0,0.33,2021,11
691,2021-11-08,49,40,0.12,W 10 mph,2021-11-14,14,47.0,38.0,0.02,2021,11
692,2021-11-08,50,39,0.13,W 10 mph,2021-11-15,15,47.0,39.0,0.0,2021,11
693,2021-11-08,48,38,0.24,WNW 9 mph,2021-11-16,16,48.0,37.0,0.0,2021,11
694,2021-11-08,50,39,0.18,NW 8 mph,2021-11-17,17,57.0,39.0,0.0,2021,11
695,2021-11-08,53,42,0.03,WSW 6 mph,2021-11-18,18,69.0,47.0,0.09000000000000001,2021,11
696,2021-11-08,55,44,0.2,SW 7 mph,2021-11-19,19,48.0,39.0,0.01,2021,11
697,2021-11-08,52,42,0.31,W 8 mph,2021-11-20,20,47.0,35.0,0.0,2021,11
698,2021-11-08,50,40,0.24,NW 8 mph,2021-11-21,21,56.0,45.0,0.01,2021,11
699,2021-11-08,47,39,0.33,N 7 mph,2021-11-22,22,54.0,36.0,0.04,2021,11
700,2021-11-09,65,43,0.05,NW 9 mph,2021-11-10,10,63.0,50.0,0.0,2021,11
701,2021-11-09,58,56,0.1,E 8 mph,2021-11-11,11,61.0,46.0,0.01,2021,11
702,2021-11-09,64,46,0.99,SSW 15 mph,2021-11-12,12,65.0,51.0,0.48,2021,11
703,2021-11-09,56,38,0.18,WSW 8 mph,2021-11-13,13,62.0,41.0,0.33,2021,11
704,2021-11-09,49,39,0.04,WSW 9 mph,2021-11-14,14,47.0,38.0,0.02,2021,11
705,2021-11-09,50,35,0.24,W 11 mph,2021-11-15,15,47.0,39.0,0.0,2021,11
706,2021-11-09,49,37,0.08,WNW 10 mph,2021-11-16,16,48.0,37.0,0.0,2021,11
707,2021-11-09,49,40,0.03,WNW 7 mph,2021-11-17,17,57.0,39.0,0.0,2021,11
708,2021-11-09,55,45,0.07,SSW 7 mph,2021-11-18,18,69.0,47.0,0.09000000000000001,2021,11
709,2021-11-09,58,42,0.33,WSW 8 mph,2021-11-19,19,48.0,39.0,0.01,2021,11
710,2021-11-09,51,39,0.24,WNW 8 mph,2021-11-20,20,47.0,35.0,0.0,2021,11
711,2021-11-09,49,39,0.21,NW 8 mph,2021-11-21,21,56.0,45.0,0.01,2021,11
712,2021-11-09,50,41,0.24,WNW 8 mph,2021-11-22,22,54.0,36.0,0.04,2021,11
713,2021-11-09,48,40,0.24,NW 7 mph,2021-11-23,23,42.0,32.0,0.0,2021,11
714,2021-11-10,60,56,0.04,ESE 9 mph,2021-11-11,11,61.0,46.0,0.01,2021,11
715,2021-11-10,64,47,0.95,SW 15 mph,2021-11-12,12,65.0,51.0,0.48,2021,11
716,2021-11-10,59,39,0.39,SW 10 mph,2021-11-13,13,62.0,41.0,0.33,2021,11
717,2021-11-10,51,40,0.04,WSW 9 mph,2021-11-14,14,47.0,38.0,0.02,2021,11
718,2021-11-10,51,38,0.18,W 7 mph,2021-11-15,15,47.0,39.0,0.0,2021,11
719,2021-11-10,50,39,0.05,NW 11 mph,2021-11-16,16,48.0,37.0,0.0,2021,11
720,2021-11-10,54,43,0.03,WSW 10 mph,2021-11-17,17,57.0,39.0,0.0,2021,11
721,2021-11-10,62,44,0.05,WSW 8 mph,2021-11-18,18,69.0,47.0,0.09000000000000001,2021,11
722,2021-11-10,51,42,0.24,NNW 7 mph,2021-11-19,19,48.0,39.0,0.01,2021,11
723,2021-11-10,50,41,0.24,NNW 7 mph,2021-11-20,20,47.0,35.0,0.0,2021,11
724,2021-11-10,51,41,0.18,NW 8 mph,2021-11-21,21,56.0,45.0,0.01,2021,11
725,2021-11-10,52,42,0.15,WSW 8 mph,2021-11-22,22,54.0,36.0,0.04,2021,11
726,2021-11-10,50,40,0.3,WNW 9 mph,2021-11-23,23,42.0,32.0,0.0,2021,11
727,2021-11-10,48,40,0.31,W 9 mph,2021-11-24,24,44.0,30.0,0.0,2021,11
728,2021-11-11,65,46,1.0,SSW 16 mph,2021-11-12,12,65.0,51.0,0.48,2021,11
729,2021-11-11,62,39,0.56,SSW 13 mph,2021-11-13,13,62.0,41.0,0.33,2021,11
730,2021-11-11,52,41,0.05,WSW 8 mph,2021-11-14,14,47.0,38.0,0.02,2021,11
731,2021-11-11,52,38,0.44,W 9 mph,2021-11-15,15,47.0,39.0,0.0,2021,11
732,2021-11-11,50,37,0.03,WNW 12 mph,2021-11-16,16,48.0,37.0,0.0,2021,11
733,2021-11-11,57,47,0.04,SW 8 mph,2021-11-17,17,57.0,39.0,0.0,2021,11
734,2021-11-11,61,44,0.09,SW 9 mph,2021-11-18,18,69.0,47.0,0.09000000000000001,2021,11
735,2021-11-11,54,37,0.22,WNW 8 mph,2021-11-19,19,48.0,39.0,0.01,2021,11
736,2021-11-11,50,40,0.19,NW 7 mph,2021-11-20,20,47.0,35.0,0.0,2021,11
737,2021-11-11,54,42,0.24,NNW 7 mph,2021-11-21,21,56.0,45.0,0.01,2021,11
738,2021-11-11,53,45,0.24,SE 8 mph,2021-11-22,22,54.0,36.0,0.04,2021,11
739,2021-11-11,51,36,0.35,WNW 8 mph,2021-11-23,23,42.0,32.0,0.0,2021,11
740,2021-11-11,47,36,0.24,NW 8 mph,2021-11-24,24,44.0,30.0,0.0,2021,11
741,2021-11-11,49,39,0.23,W 8 mph,2021-11-25,25,56.0,40.0,0.01,2021,11
742,2021-11-12,61,38,0.84,SSW 18 mph,2021-11-13,13,62.0,41.0,0.33,2021,11
743,2021-11-12,49,42,0.07,SW 7 mph,2021-11-14,14,47.0,38.0,0.02,2021,11
744,2021-11-12,49,38,0.15,W 15 mph,2021-11-15,15,47.0,39.0,0.0,2021,11
745,2021-11-12,50,43,0.02,W 9 mph,2021-11-16,16,48.0,37.0,0.0,2021,11
746,2021-11-12,62,55,0.04,SSW 8 mph,2021-11-17,17,57.0,39.0,0.0,2021,11
747,2021-11-12,58,40,0.18,WSW 10 mph,2021-11-18,18,69.0,47.0,0.09000000000000001,2021,11
748,2021-11-12,51,40,0.05,NW 8 mph,2021-11-19,19,48.0,39.0,0.01,2021,11
749,2021-11-12,52,42,0.24,ENE 8 mph,2021-11-20,20,47.0,35.0,0.0,2021,11
750,2021-11-12,53,42,0.24,NW 9 mph,2021-11-21,21,56.0,45.0,0.01,2021,11
751,2021-11-12,52,42,0.3,W 8 mph,2021-11-22,22,54.0,36.0,0.04,2021,11
752,2021-11-12,49,42,0.24,WNW 9 mph,2021-11-23,23,42.0,32.0,0.0,2021,11
753,2021-11-12,49,42,0.31,NW 8 mph,2021-11-24,24,44.0,30.0,0.0,2021,11
754,2021-11-12,51,42,0.24,WSW 8 mph,2021-11-25,25,56.0,40.0,0.01,2021,11
755,2021-11-12,49,40,0.37,WNW 8 mph,2021-11-26,26,46.0,37.0,0.12,2021,11
756,2021-11-13,50,41,0.05,WSW 7 mph,2021-11-14,14,47.0,38.0,0.02,2021,11
757,2021-11-13,49,38,0.15,W 14 mph,2021-11-15,15,47.0,39.0,0.0,2021,11
758,2021-11-13,51,43,0.04,W 9 mph,2021-11-16,16,48.0,37.0,0.0,2021,11
759,2021-11-13,62,52,0.03,SW 8 mph,2021-11-17,17,57.0,39.0,0.0,2021,11
760,2021-11-13,62,40,0.17,WSW 11 mph,2021-11-18,18,69.0,47.0,0.09000000000000001,2021,11
761,2021-11-13,50,36,0.02,NW 11 mph,2021-11-19,19,48.0,39.0,0.01,2021,11
762,2021-11-13,53,46,0.23,SE 6 mph,2021-11-20,20,47.0,35.0,0.0,2021,11
763,2021-11-13,57,45,0.36,W 7 mph,2021-11-21,21,56.0,45.0,0.01,2021,11
764,2021-11-13,52,42,0.38,N 9 mph,2021-11-22,22,54.0,36.0,0.04,2021,11
765,2021-11-13,51,40,0.4,NNW 10 mph,2021-11-23,23,42.0,32.0,0.0,2021,11
766,2021-11-13,50,40,0.23,W 9 mph,2021-11-24,24,44.0,30.0,0.0,2021,11
767,2021-11-13,53,42,0.31,WSW 9 mph,2021-11-25,25,56.0,40.0,0.01,2021,11
768,2021-11-13,52,42,0.24,W 9 mph,2021-11-26,26,46.0,37.0,0.12,2021,11
769,2021-11-13,51,40,0.24,W 10 mph,2021-11-27,27,38.0,34.0,0.0,2021,11
770,2021-11-14,48,38,0.17,W 13 mph,2021-11-15,15,47.0,39.0,0.0,2021,11
771,2021-11-14,50,38,0.04,W 9 mph,2021-11-16,16,48.0,37.0,0.0,2021,11
772,2021-11-14,58,50,0.05,S 7 mph,2021-11-17,17,57.0,39.0,0.0,2021,11
773,2021-11-14,67,41,0.23,SW 9 mph,2021-11-18,18,69.0,47.0,0.09000000000000001,2021,11
774,2021-11-14,48,36,0.09,WNW 12 mph,2021-11-19,19,48.0,39.0,0.01,2021,11
775,2021-11-14,49,39,0.09,NNW 6 mph,2021-11-20,20,47.0,35.0,0.0,2021,11
776,2021-11-14,53,44,0.24,SSE 7 mph,2021-11-21,21,56.0,45.0,0.01,2021,11
777,2021-11-14,55,40,0.33,SW 7 mph,2021-11-22,22,54.0,36.0,0.04,2021,11
778,2021-11-14,48,37,0.34,W 13 mph,2021-11-23,23,42.0,32.0,0.0,2021,11
779,2021-11-14,48,39,0.1,WNW 10 mph,2021-11-24,24,44.0,30.0,0.0,2021,11
780,2021-11-14,49,41,0.24,WNW 7 mph,2021-11-25,25,56.0,40.0,0.01,2021,11
781,2021-11-14,49,41,0.39,W 8 mph,2021-11-26,26,46.0,37.0,0.12,2021,11
782,2021-11-14,48,39,0.24,W 9 mph,2021-11-27,27,38.0,34.0,0.0,2021,11
783,2021-11-14,50,38,0.15,WSW 9 mph,2021-11-28,28,41.0,33.0,0.0,2021,11
784,2021-11-15,51,38,0.04,W 9 mph,2021-11-16,16,48.0,37.0,0.0,2021,11
785,2021-11-15,57,51,0.05,SSE 9 mph,2021-11-17,17,57.0,39.0,0.0,2021,11
786,2021-11-15,68,43,0.15,SW 10 mph,2021-11-18,18,69.0,47.0,0.09000000000000001,2021,11
787,2021-11-15,49,37,0.08,WNW 14 mph,2021-11-19,19,48.0,39.0,0.01,2021,11
788,2021-11-15,47,40,0.05,NE 5 mph,2021-11-20,20,47.0,35.0,0.0,2021,11
789,2021-11-15,53,44,0.2,SW 7 mph,2021-11-21,21,56.0,45.0,0.01,2021,11
790,2021-11-15,52,40,0.3,W 7 mph,2021-11-22,22,54.0,36.0,0.04,2021,11
791,2021-11-15,46,34,0.34,NW 15 mph,2021-11-23,23,42.0,32.0,0.0,2021,11
792,2021-11-15,47,39,0.02,WNW 11 mph,2021-11-24,24,44.0,30.0,0.0,2021,11
793,2021-11-15,52,43,0.24,WSW 7 mph,2021-11-25,25,56.0,40.0,0.01,2021,11
794,2021-11-15,51,41,0.24,W 9 mph,2021-11-26,26,46.0,37.0,0.12,2021,11
795,2021-11-15,49,41,0.3,WNW 9 mph,2021-11-27,27,38.0,34.0,0.0,2021,11
796,2021-11-15,49,40,0.24,W 10 mph,2021-11-28,28,41.0,33.0,0.0,2021,11
797,2021-11-15,49,41,0.21,W 11 mph,2021-11-29,29,43.0,33.0,0.0,2021,11
798,2021-11-16,56,52,0.05,SE 8 mph,2021-11-17,17,57.0,39.0,0.0,2021,11
799,2021-11-16,67,41,0.13,SSW 9 mph,2021-11-18,18,69.0,47.0,0.09000000000000001,2021,11
800,2021-11-16,48,35,0.1,WNW 13 mph,2021-11-19,19,48.0,39.0,0.01,2021,11
801,2021-11-16,46,41,0.04,E 4 mph,2021-11-20,20,47.0,35.0,0.0,2021,11
802,2021-11-16,54,48,0.13,S 4 mph,2021-11-21,21,56.0,45.0,0.01,2021,11
803,2021-11-16,56,40,0.46,S 9 mph,2021-11-22,22,54.0,36.0,0.04,2021,11
804,2021-11-16,44,34,0.37,WNW 17 mph,2021-11-23,23,42.0,32.0,0.0,2021,11
805,2021-11-16,45,37,0.11,WNW 10 mph,2021-11-24,24,44.0,30.0,0.0,2021,11
806,2021-11-16,48,41,0.24,WNW 7 mph,2021-11-25,25,56.0,40.0,0.01,2021,11
807,2021-11-16,51,42,0.35,NE 6 mph,2021-11-26,26,46.0,37.0,0.12,2021,11
808,2021-11-16,49,38,0.36,WNW 8 mph,2021-11-27,27,38.0,34.0,0.0,2021,11
809,2021-11-16,46,36,0.24,WNW 10 mph,2021-11-28,28,41.0,33.0,0.0,2021,11
810,2021-11-16,45,34,0.24,NW 11 mph,2021-11-29,29,43.0,33.0,0.0,2021,11
811,2021-11-16,44,36,0.16,WNW 8 mph,2021-11-30,30,41.0,31.0,0.0,2021,11
812,2021-11-17,68,42,0.07,SW 9 mph,2021-11-18,18,69.0,47.0,0.09000000000000001,2021,11
813,2021-11-17,47,36,0.01,WNW 14 mph,2021-11-19,19,48.0,39.0,0.01,2021,11
814,2021-11-17,47,42,0.03,SSW 4 mph,2021-11-20,20,47.0,35.0,0.0,2021,11
815,2021-11-17,55,48,0.17,SSW 6 mph,2021-11-21,21,56.0,45.0,0.01,2021,11
816,2021-11-17,55,36,0.67,SW 10 mph,2021-11-22,22,54.0,36.0,0.04,2021,11
817,2021-11-17,43,36,0.24,WNW 16 mph,2021-11-23,23,42.0,32.0,0.0,2021,11
818,2021-11-17,47,38,0.09,WNW 14 mph,2021-11-24,24,44.0,30.0,0.0,2021,11
819,2021-11-17,51,37,0.04,WNW 8 mph,2021-11-25,25,56.0,40.0,0.01,2021,11
820,2021-11-17,47,38,0.24,NW 8 mph,2021-11-26,26,46.0,37.0,0.12,2021,11
821,2021-11-17,46,39,0.31,NW 9 mph,2021-11-27,27,38.0,34.0,0.0,2021,11
822,2021-11-17,48,40,0.24,WSW 9 mph,2021-11-28,28,41.0,33.0,0.0,2021,11
823,2021-11-17,48,38,0.1,W 9 mph,2021-11-29,29,43.0,33.0,0.0,2021,11
824,2021-11-17,48,37,0.24,W 9 mph,2021-11-30,30,41.0,31.0,0.0,2021,11
825,2021-11-17,49,41,0.3,W 8 mph,2021-12-01,1,49.0,40.0,0.0,2021,12
826,2021-11-18,48,36,0.02,WNW 14 mph,2021-11-19,19,48.0,39.0,0.01,2021,11
827,2021-11-18,49,43,0.05,SSW 5 mph,2021-11-20,20,47.0,35.0,0.0,2021,11
828,2021-11-18,56,52,0.45,SSW 8 mph,2021-11-21,21,56.0,45.0,0.01,2021,11
829,2021-11-18,55,35,0.55,WSW 12 mph,2021-11-22,22,54.0,36.0,0.04,2021,11
830,2021-11-18,43,34,0.13,NW 22 mph,2021-11-23,23,42.0,32.0,0.0,2021,11
831,2021-11-18,46,38,0.04,NW 14 mph,2021-11-24,24,44.0,30.0,0.0,2021,11
832,2021-11-18,51,41,0.05,WNW 10 mph,2021-11-25,25,56.0,40.0,0.01,2021,11
833,2021-11-18,53,42,0.24,NW 8 mph,2021-11-26,26,46.0,37.0,0.12,2021,11
834,2021-11-18,52,41,0.24,NW 9 mph,2021-11-27,27,38.0,34.0,0.0,2021,11
835,2021-11-18,51,41,0.24,W 10 mph,2021-11-28,28,41.0,33.0,0.0,2021,11
836,2021-11-18,50,40,0.24,WNW 9 mph,2021-11-29,29,43.0,33.0,0.0,2021,11
837,2021-11-18,49,39,0.21,WNW 9 mph,2021-11-30,30,41.0,31.0,0.0,2021,11
838,2021-11-18,50,40,0.24,W 9 mph,2021-12-01,1,49.0,40.0,0.0,2021,12
839,2021-11-18,50,41,0.24,W 9 mph,2021-12-02,2,58.0,45.0,0.04,2021,12
840,2021-11-19,47,41,0.03,SE 5 mph,2021-11-20,20,47.0,35.0,0.0,2021,11
841,2021-11-19,55,52,0.21,SSW 6 mph,2021-11-21,21,56.0,45.0,0.01,2021,11
842,2021-11-19,55,32,0.45,W 13 mph,2021-11-22,22,54.0,36.0,0.04,2021,11
843,2021-11-19,42,34,0.0,NW 21 mph,2021-11-23,23,42.0,32.0,0.0,2021,11
844,2021-11-19,47,37,0.0,WNW 9 mph,2021-11-24,24,44.0,30.0,0.0,2021,11
845,2021-11-19,55,42,0.0,WNW 8 mph,2021-11-25,25,56.0,40.0,0.01,2021,11
846,2021-11-19,55,38,0.24,WNW 10 mph,2021-11-26,26,46.0,37.0,0.12,2021,11
847,2021-11-19,47,37,0.24,WNW 10 mph,2021-11-27,27,38.0,34.0,0.0,2021,11
848,2021-11-19,48,38,0.24,WNW 9 mph,2021-11-28,28,41.0,33.0,0.0,2021,11
849,2021-11-19,48,38,0.31,WNW 9 mph,2021-11-29,29,43.0,33.0,0.0,2021,11
850,2021-11-19,48,36,0.16,WNW 10 mph,2021-11-30,30,41.0,31.0,0.0,2021,11
851,2021-11-19,48,37,0.09,W 8 mph,2021-12-01,1,49.0,40.0,0.0,2021,12
852,2021-11-19,48,37,0.15,WNW 9 mph,2021-12-02,2,58.0,45.0,0.04,2021,12
853,2021-11-19,46,36,0.24,WNW 9 mph,2021-12-03,3,47.0,37.0,0.0,2021,12
854,2021-11-20,55,49,0.06,SSW 6 mph,2021-11-21,21,56.0,45.0,0.01,2021,11
855,2021-11-20,51,33,0.47,WNW 12 mph,2021-11-22,22,54.0,36.0,0.04,2021,11
856,2021-11-20,44,32,0.01,NW 18 mph,2021-11-23,23,42.0,32.0,0.0,2021,11
857,2021-11-20,47,37,0.01,NW 6 mph,2021-11-24,24,44.0,30.0,0.0,2021,11
858,2021-11-20,55,39,0.01,WNW 6 mph,2021-11-25,25,56.0,40.0,0.01,2021,11
859,2021-11-20,47,31,0.18,WNW 12 mph,2021-11-26,26,46.0,37.0,0.12,2021,11
860,2021-11-20,43,34,0.13,WNW 12 mph,2021-11-27,27,38.0,34.0,0.0,2021,11
861,2021-11-20,46,34,0.15,WNW 9 mph,2021-11-28,28,41.0,33.0,0.0,2021,11
862,2021-11-20,46,36,0.07,WNW 9 mph,2021-11-29,29,43.0,33.0,0.0,2021,11
863,2021-11-20,48,37,0.1,W 9 mph,2021-11-30,30,41.0,31.0,0.0,2021,11
864,2021-11-20,48,34,0.18,WNW 9 mph,2021-12-01,1,49.0,40.0,0.0,2021,12
865,2021-11-20,47,37,0.15,WNW 9 mph,2021-12-02,2,58.0,45.0,0.04,2021,12
866,2021-11-20,49,40,0.18,WSW 8 mph,2021-12-03,3,47.0,37.0,0.0,2021,12
867,2021-11-20,51,40,0.33,WSW 10 mph,2021-12-04,4,48.0,37.0,0.0,2021,12
868,2021-11-21,52,33,0.64,WNW 13 mph,2021-11-22,22,54.0,36.0,0.04,2021,11
869,2021-11-21,44,30,0.02,NW 20 mph,2021-11-23,23,42.0,32.0,0.0,2021,11
870,2021-11-21,47,35,0.03,WNW 7 mph,2021-11-24,24,44.0,30.0,0.0,2021,11
871,2021-11-21,54,40,0.03,W 8 mph,2021-11-25,25,56.0,40.0,0.01,2021,11
872,2021-11-21,46,30,0.24,WNW 14 mph,2021-11-26,26,46.0,37.0,0.12,2021,11
873,2021-11-21,42,34,0.01,W 13 mph,2021-11-27,27,38.0,34.0,0.0,2021,11
874,2021-11-21,45,33,0.1,W 11 mph,2021-11-28,28,41.0,33.0,0.0,2021,11
875,2021-11-21,45,35,0.1,WNW 11 mph,2021-11-29,29,43.0,33.0,0.0,2021,11
876,2021-11-21,47,36,0.06,W 10 mph,2021-11-30,30,41.0,31.0,0.0,2021,11
877,2021-11-21,47,34,0.17,WNW 11 mph,2021-12-01,1,49.0,40.0,0.0,2021,12
878,2021-11-21,45,35,0.1,WNW 10 mph,2021-12-02,2,58.0,45.0,0.04,2021,12
879,2021-11-21,50,40,0.24,WSW 9 mph,2021-12-03,3,47.0,37.0,0.0,2021,12
880,2021-11-21,51,42,0.34,SW 10 mph,2021-12-04,4,48.0,37.0,0.0,2021,12
881,2021-11-21,50,39,0.36,WNW 12 mph,2021-12-05,5,48.0,40.0,0.0,2021,12
882,2021-11-22,44,31,0.02,NW 20 mph,2021-11-23,23,42.0,32.0,0.0,2021,11
883,2021-11-22,48,36,0.02,WNW 8 mph,2021-11-24,24,44.0,30.0,0.0,2021,11
884,2021-11-22,55,43,0.02,WSW 8 mph,2021-11-25,25,56.0,40.0,0.01,2021,11
885,2021-11-22,45,33,0.71,WNW 16 mph,2021-11-26,26,46.0,37.0,0.12,2021,11
886,2021-11-22,44,30,0.0,WNW 15 mph,2021-11-27,27,38.0,34.0,0.0,2021,11
887,2021-11-22,43,32,0.15,W 10 mph,2021-11-28,28,41.0,33.0,0.0,2021,11
888,2021-11-22,44,32,0.03,WNW 12 mph,2021-11-29,29,43.0,33.0,0.0,2021,11
889,2021-11-22,45,34,0.15,W 11 mph,2021-11-30,30,41.0,31.0,0.0,2021,11
890,2021-11-22,45,31,0.15,WNW 12 mph,2021-12-01,1,49.0,40.0,0.0,2021,12
891,2021-11-22,45,37,0.02,W 8 mph,2021-12-02,2,58.0,45.0,0.04,2021,12
892,2021-11-22,54,47,0.2,SSW 9 mph,2021-12-03,3,47.0,37.0,0.0,2021,12
893,2021-11-22,55,44,0.39,SW 10 mph,2021-12-04,4,48.0,37.0,0.0,2021,12
894,2021-11-22,52,42,0.42,WSW 10 mph,2021-12-05,5,48.0,40.0,0.0,2021,12
895,2021-11-22,50,38,0.24,WNW 11 mph,2021-12-06,6,60.0,44.0,0.42,2021,12
896,2021-11-23,48,35,0.02,WNW 7 mph,2021-11-24,24,44.0,30.0,0.0,2021,11
897,2021-11-23,55,43,0.03,WSW 6 mph,2021-11-25,25,56.0,40.0,0.01,2021,11
898,2021-11-23,46,33,0.66,WNW 19 mph,2021-11-26,26,46.0,37.0,0.12,2021,11
899,2021-11-23,43,31,0.0,WNW 14 mph,2021-11-27,27,38.0,34.0,0.0,2021,11
900,2021-11-23,44,32,0.15,W 8 mph,2021-11-28,28,41.0,33.0,0.0,2021,11
901,2021-11-23,44,33,0.03,NW 10 mph,2021-11-29,29,43.0,33.0,0.0,2021,11
902,2021-11-23,47,35,0.06,WSW 10 mph,2021-11-30,30,41.0,31.0,0.0,2021,11
903,2021-11-23,45,33,0.08,W 11 mph,2021-12-01,1,49.0,40.0,0.0,2021,12
904,2021-11-23,45,36,0.1,W 8 mph,2021-12-02,2,58.0,45.0,0.04,2021,12
905,2021-11-23,50,43,0.24,WSW 8 mph,2021-12-03,3,47.0,37.0,0.0,2021,12
906,2021-11-23,53,42,0.3,WSW 10 mph,2021-12-04,4,48.0,37.0,0.0,2021,12
907,2021-11-23,49,38,0.24,W 10 mph,2021-12-05,5,48.0,40.0,0.0,2021,12
908,2021-11-23,48,38,0.24,W 9 mph,2021-12-06,6,60.0,44.0,0.42,2021,12
909,2021-11-23,48,37,0.22,W 9 mph,2021-12-07,7,,,,2021,12
910,2021-11-24,55,44,0.03,WSW 8 mph,2021-11-25,25,56.0,40.0,0.01,2021,11
911,2021-11-24,47,31,0.52,WNW 22 mph,2021-11-26,26,46.0,37.0,0.12,2021,11
912,2021-11-24,42,31,0.0,WNW 16 mph,2021-11-27,27,38.0,34.0,0.0,2021,11
913,2021-11-24,43,33,0.24,WSW 6 mph,2021-11-28,28,41.0,33.0,0.0,2021,11
914,2021-11-24,41,31,0.24,NW 12 mph,2021-11-29,29,43.0,33.0,0.0,2021,11
915,2021-11-24,43,33,0.03,WNW 11 mph,2021-11-30,30,41.0,31.0,0.0,2021,11
916,2021-11-24,45,35,0.19,W 10 mph,2021-12-01,1,49.0,40.0,0.0,2021,12
917,2021-11-24,46,34,0.13,WNW 11 mph,2021-12-02,2,58.0,45.0,0.04,2021,12
918,2021-11-24,51,41,0.17,WSW 10 mph,2021-12-03,3,47.0,37.0,0.0,2021,12
919,2021-11-24,53,40,0.24,WSW 12 mph,2021-12-04,4,48.0,37.0,0.0,2021,12
920,2021-11-24,46,35,0.39,WNW 12 mph,2021-12-05,5,48.0,40.0,0.0,2021,12
921,2021-11-24,46,36,0.17,W 11 mph,2021-12-06,6,60.0,44.0,0.42,2021,12
922,2021-11-24,42,33,0.15,W 12 mph,2021-12-07,7,,,,2021,12
923,2021-11-24,40,33,0.18,WNW 9 mph,2021-12-08,8,41.0,34.0,0.04,2021,12
924,2021-11-25,46,32,0.76,WNW 16 mph,2021-11-26,26,46.0,37.0,0.12,2021,11
925,2021-11-25,40,32,0.0,WNW 14 mph,2021-11-27,27,38.0,34.0,0.0,2021,11
926,2021-11-25,43,33,0.34,WSW 4 mph,2021-11-28,28,41.0,33.0,0.0,2021,11
927,2021-11-25,43,31,0.1,NW 11 mph,2021-11-29,29,43.0,33.0,0.0,2021,11
928,2021-11-25,44,34,0.09,W 8 mph,2021-11-30,30,41.0,31.0,0.0,2021,11
929,2021-11-25,47,36,0.04,WSW 10 mph,2021-12-01,1,49.0,40.0,0.0,2021,12
930,2021-11-25,47,37,0.13,W 10 mph,2021-12-02,2,58.0,45.0,0.04,2021,12
931,2021-11-25,51,41,0.04,W 8 mph,2021-12-03,3,47.0,37.0,0.0,2021,12
932,2021-11-25,53,41,0.24,SW 10 mph,2021-12-04,4,48.0,37.0,0.0,2021,12
933,2021-11-25,46,35,0.35,WNW 11 mph,2021-12-05,5,48.0,40.0,0.0,2021,12
934,2021-11-25,44,35,0.35,W 10 mph,2021-12-06,6,60.0,44.0,0.42,2021,12
935,2021-11-25,43,31,0.24,WNW 11 mph,2021-12-07,7,,,,2021,12
936,2021-11-25,42,34,0.24,WNW 9 mph,2021-12-08,8,41.0,34.0,0.04,2021,12
937,2021-11-25,42,34,0.24,W 9 mph,2021-12-09,9,,,,2021,12
938,2021-11-26,41,33,0.0,WNW 14 mph,2021-11-27,27,38.0,34.0,0.0,2021,11
939,2021-11-26,42,34,0.16,SW 4 mph,2021-11-28,28,41.0,33.0,0.0,2021,11
940,2021-11-26,42,31,0.1,NW 12 mph,2021-11-29,29,43.0,33.0,0.0,2021,11
941,2021-11-26,44,35,0.04,WSW 8 mph,2021-11-30,30,41.0,31.0,0.0,2021,11
942,2021-11-26,46,36,0.05,W 12 mph,2021-12-01,1,49.0,40.0,0.0,2021,12
943,2021-11-26,48,36,0.2,WSW 9 mph,2021-12-02,2,58.0,45.0,0.04,2021,12
944,2021-11-26,53,41,0.05,WSW 9 mph,2021-12-03,3,47.0,37.0,0.0,2021,12
945,2021-11-26,54,39,0.24,SW 10 mph,2021-12-04,4,48.0,37.0,0.0,2021,12
946,2021-11-26,45,35,0.24,WNW 11 mph,2021-12-05,5,48.0,40.0,0.0,2021,12
947,2021-11-26,43,35,0.33,W 11 mph,2021-12-06,6,60.0,44.0,0.42,2021,12
948,2021-11-26,46,36,0.24,WSW 10 mph,2021-12-07,7,,,,2021,12
949,2021-11-26,42,34,0.32,WNW 8 mph,2021-12-08,8,41.0,34.0,0.04,2021,12
950,2021-11-26,43,37,0.24,NNW 8 mph,2021-12-09,9,,,,2021,12
951,2021-11-26,48,39,0.24,W 9 mph,2021-12-10,10,49.0,39.0,0.0,2021,12
952,2021-11-27,46,35,0.06,SW 6 mph,2021-11-28,28,41.0,33.0,0.0,2021,11
953,2021-11-27,43,32,0.17,NW 14 mph,2021-11-29,29,43.0,33.0,0.0,2021,11
954,2021-11-27,44,35,0.04,WSW 11 mph,2021-11-30,30,41.0,31.0,0.0,2021,11
955,2021-11-27,47,42,0.05,WSW 8 mph,2021-12-01,1,49.0,40.0,0.0,2021,12
956,2021-11-27,56,42,0.23,SW 14 mph,2021-12-02,2,58.0,45.0,0.04,2021,12
957,2021-11-27,50,37,0.06,W 11 mph,2021-12-03,3,47.0,37.0,0.0,2021,12
958,2021-11-27,47,34,0.13,W 13 mph,2021-12-04,4,48.0,37.0,0.0,2021,12
959,2021-11-27,47,40,0.2,WSW 10 mph,2021-12-05,5,48.0,40.0,0.0,2021,12
960,2021-11-27,48,32,0.37,W 14 mph,2021-12-06,6,60.0,44.0,0.42,2021,12
961,2021-11-27,43,35,0.16,WNW 11 mph,2021-12-07,7,,,,2021,12
962,2021-11-27,47,39,0.24,WSW 10 mph,2021-12-08,8,41.0,34.0,0.04,2021,12
963,2021-11-27,47,36,0.32,W 10 mph,2021-12-09,9,,,,2021,12
964,2021-11-27,47,35,0.24,WNW 10 mph,2021-12-10,10,49.0,39.0,0.0,2021,12
965,2021-11-27,50,38,0.35,W 12 mph,2021-12-11,11,66.0,45.0,0.16999999999999998,2021,12
966,2021-11-28,44,32,0.05,NW 13 mph,2021-11-29,29,43.0,33.0,0.0,2021,11
967,2021-11-28,43,35,0.05,WSW 9 mph,2021-11-30,30,41.0,31.0,0.0,2021,11
968,2021-11-28,46,39,0.05,WSW 7 mph,2021-12-01,1,49.0,40.0,0.0,2021,12
969,2021-11-28,53,43,0.24,SW 11 mph,2021-12-02,2,58.0,45.0,0.04,2021,12
970,2021-11-28,48,35,0.03,WNW 13 mph,2021-12-03,3,47.0,37.0,0.0,2021,12
971,2021-11-28,44,31,0.13,WNW 11 mph,2021-12-04,4,48.0,37.0,0.0,2021,12
972,2021-11-28,41,35,0.07,NW 8 mph,2021-12-05,5,48.0,40.0,0.0,2021,12
973,2021-11-28,50,34,0.39,WSW 11 mph,2021-12-06,6,60.0,44.0,0.42,2021,12
974,2021-11-28,44,35,0.09,WNW 9 mph,2021-12-07,7,,,,2021,12
975,2021-11-28,46,37,0.3,W 9 mph,2021-12-08,8,41.0,34.0,0.04,2021,12
976,2021-11-28,44,35,0.24,WNW 9 mph,2021-12-09,9,,,,2021,12
977,2021-11-28,45,35,0.13,W 9 mph,2021-12-10,10,49.0,39.0,0.0,2021,12
978,2021-11-28,46,37,0.23,W 9 mph,2021-12-11,11,66.0,45.0,0.16999999999999998,2021,12
979,2021-11-28,47,37,0.24,W 9 mph,2021-12-12,12,,,,2021,12
980,2021-11-29,40,35,0.09,WSW 8 mph,2021-11-30,30,41.0,31.0,0.0,2021,11
981,2021-11-29,46,39,0.05,WSW 7 mph,2021-12-01,1,49.0,40.0,0.0,2021,12
982,2021-11-29,54,43,0.21,SW 11 mph,2021-12-02,2,58.0,45.0,0.04,2021,12
983,2021-11-29,47,33,0.01,WNW 13 mph,2021-12-03,3,47.0,37.0,0.0,2021,12
984,2021-11-29,43,32,0.24,WNW 7 mph,2021-12-04,4,48.0,37.0,0.0,2021,12
985,2021-11-29,40,35,0.15,NNW 7 mph,2021-12-05,5,48.0,40.0,0.0,2021,12
986,2021-11-29,47,32,0.64,SW 11 mph,2021-12-06,6,60.0,44.0,0.42,2021,12
987,2021-11-29,42,37,0.09,W 10 mph,2021-12-07,7,,,,2021,12
988,2021-11-29,47,37,0.6,SW 11 mph,2021-12-08,8,41.0,34.0,0.04,2021,12
989,2021-11-29,44,34,0.45,WNW 10 mph,2021-12-09,9,,,,2021,12
990,2021-11-29,44,35,0.23,WNW 9 mph,2021-12-10,10,49.0,39.0,0.0,2021,12
991,2021-11-29,46,37,0.23,W 9 mph,2021-12-11,11,66.0,45.0,0.16999999999999998,2021,12
992,2021-11-29,49,38,0.21,W 9 mph,2021-12-12,12,,,,2021,12
993,2021-11-29,48,41,0.24,WSW 10 mph,2021-12-13,13,,,,2021,12
994,2021-11-30,47,41,0.05,W 9 mph,2021-12-01,1,49.0,40.0,0.0,2021,12
995,2021-11-30,57,43,0.16,SW 12 mph,2021-12-02,2,58.0,45.0,0.04,2021,12
996,2021-11-30,47,35,0.01,WNW 15 mph,2021-12-03,3,47.0,37.0,0.0,2021,12
997,2021-11-30,44,34,0.16,WNW 9 mph,2021-12-04,4,48.0,37.0,0.0,2021,12
998,2021-11-30,41,40,0.17,NNE 8 mph,2021-12-05,5,48.0,40.0,0.0,2021,12
999,2021-11-30,47,31,0.4,W 14 mph,2021-12-06,6,60.0,44.0,0.42,2021,12
1000,2021-11-30,43,39,0.03,WSW 10 mph,2021-12-07,7,,,,2021,12
1001,2021-11-30,48,40,0.31,WSW 13 mph,2021-12-08,8,41.0,34.0,0.04,2021,12
1002,2021-11-30,46,35,0.23,W 10 mph,2021-12-09,9,,,,2021,12
1003,2021-11-30,45,37,0.15,W 9 mph,2021-12-10,10,49.0,39.0,0.0,2021,12
1004,2021-11-30,50,42,0.34,WSW 8 mph,2021-12-11,11,66.0,45.0,0.16999999999999998,2021,12
1005,2021-11-30,49,38,0.24,W 10 mph,2021-12-12,12,,,,2021,12
1006,2021-11-30,48,35,0.24,WNW 10 mph,2021-12-13,13,,,,2021,12
1007,2021-11-30,44,35,0.23,WNW 10 mph,2021-12-14,14,,,,2021,12
1008,2021-12-01,56,42,0.16,SW 11 mph,2021-12-02,2,58.0,45.0,0.04,2021,12
1009,2021-12-01,45,36,0.02,WNW 14 mph,2021-12-03,3,47.0,37.0,0.0,2021,12
1010,2021-12-01,48,33,0.04,W 12 mph,2021-12-04,4,48.0,37.0,0.0,2021,12
1011,2021-12-01,43,42,0.06,ESE 8 mph,2021-12-05,5,48.0,40.0,0.0,2021,12
1012,2021-12-01,53,33,0.44,WSW 15 mph,2021-12-06,6,60.0,44.0,0.42,2021,12
1013,2021-12-01,41,38,0.14,WSW 9 mph,2021-12-07,7,,,,2021,12
1014,2021-12-01,45,34,0.5,WSW 9 mph,2021-12-08,8,41.0,34.0,0.04,2021,12
1015,2021-12-01,40,33,0.22,NW 8 mph,2021-12-09,9,,,,2021,12
1016,2021-12-01,45,38,0.11,WSW 7 mph,2021-12-10,10,49.0,39.0,0.0,2021,12
1017,2021-12-01,51,39,0.24,WSW 8 mph,2021-12-11,11,66.0,45.0,0.16999999999999998,2021,12
1018,2021-12-01,48,38,0.24,WNW 8 mph,2021-12-12,12,,,,2021,12
1019,2021-12-01,48,37,0.24,W 9 mph,2021-12-13,13,,,,2021,12
1020,2021-12-01,47,36,0.24,WNW 8 mph,2021-12-14,14,,,,2021,12
1021,2021-12-01,47,37,0.1,WNW 8 mph,2021-12-15,15,,,,2021,12
1022,2021-12-01,56,41,0.15,SW 10 mph,2021-12-02,2,58.0,45.0,0.04,2021,12
1023,2021-12-01,44,35,0.01,WNW 13 mph,2021-12-03,3,47.0,37.0,0.0,2021,12
1024,2021-12-01,49,33,0.05,W 11 mph,2021-12-04,4,48.0,37.0,0.0,2021,12
1025,2021-12-01,48,46,0.17,ESE 8 mph,2021-12-05,5,48.0,40.0,0.0,2021,12
1026,2021-12-01,57,33,0.77,SW 17 mph,2021-12-06,6,60.0,44.0,0.42,2021,12
1027,2021-12-01,40,35,0.01,W 9 mph,2021-12-07,7,,,,2021,12
1028,2021-12-01,46,38,0.44,SSW 9 mph,2021-12-08,8,41.0,34.0,0.04,2021,12
1029,2021-12-01,44,39,0.34,WNW 7 mph,2021-12-09,9,,,,2021,12
1030,2021-12-01,47,38,0.21,WSW 9 mph,2021-12-10,10,49.0,39.0,0.0,2021,12
1031,2021-12-01,51,39,0.34,WSW 8 mph,2021-12-11,11,66.0,45.0,0.16999999999999998,2021,12
1032,2021-12-01,46,39,0.24,NW 7 mph,2021-12-12,12,,,,2021,12
1033,2021-12-01,46,38,0.24,WSW 8 mph,2021-12-13,13,,,,2021,12
1034,2021-12-01,46,36,0.34,WNW 9 mph,2021-12-14,14,,,,2021,12
1035,2021-12-01,44,37,0.19,WNW 8 mph,2021-12-15,15,,,,2021,12
1036,2021-12-02,45,34,0.01,WNW 15 mph,2021-12-03,3,47.0,37.0,0.0,2021,12
1037,2021-12-02,47,34,0.06,SW 6 mph,2021-12-04,4,48.0,37.0,0.0,2021,12
1038,2021-12-02,46,45,0.09,E 8 mph,2021-12-05,5,48.0,40.0,0.0,2021,12
1039,2021-12-02,64,36,0.59,SSW 18 mph,2021-12-06,6,60.0,44.0,0.42,2021,12
1040,2021-12-02,42,36,0.07,WNW 10 mph,2021-12-07,7,,,,2021,12
1041,2021-12-02,46,39,0.78,NE 10 mph,2021-12-08,8,41.0,34.0,0.04,2021,12
1042,2021-12-02,46,41,0.33,N 7 mph,2021-12-09,9,,,,2021,12
1043,2021-12-02,53,43,0.23,WSW 6 mph,2021-12-10,10,49.0,39.0,0.0,2021,12
1044,2021-12-02,54,48,0.24,SW 7 mph,2021-12-11,11,66.0,45.0,0.16999999999999998,2021,12
1045,2021-12-02,52,43,0.34,WSW 10 mph,2021-12-12,12,,,,2021,12
1046,2021-12-02,49,37,0.19,W 12 mph,2021-12-13,13,,,,2021,12
1047,2021-12-02,46,36,0.1,WNW 11 mph,2021-12-14,14,,,,2021,12
1048,2021-12-02,46,37,0.12,W 10 mph,2021-12-15,15,,,,2021,12
1049,2021-12-02,48,38,0.24,W 9 mph,2021-12-16,16,,,,2021,12
1050,2021-12-03,48,35,0.04,SSW 5 mph,2021-12-04,4,48.0,37.0,0.0,2021,12
1051,2021-12-03,45,42,0.03,ENE 5 mph,2021-12-05,5,48.0,40.0,0.0,2021,12
1052,2021-12-03,63,36,0.5,SSW 16 mph,2021-12-06,6,60.0,44.0,0.42,2021,12
1053,2021-12-03,40,32,0.02,WNW 9 mph,2021-12-07,7,,,,2021,12
1054,2021-12-03,43,36,0.84,NE 7 mph,2021-12-08,8,41.0,34.0,0.04,2021,12
1055,2021-12-03,42,39,0.24,N 8 mph,2021-12-09,9,,,,2021,12
1056,2021-12-03,48,40,0.34,SW 8 mph,2021-12-10,10,49.0,39.0,0.0,2021,12
1057,2021-12-03,50,47,0.24,WSW 6 mph,2021-12-11,11,66.0,45.0,0.16999999999999998,2021,12
1058,2021-12-03,54,36,0.44,SW 13 mph,2021-12-12,12,,,,2021,12
1059,2021-12-03,43,33,0.24,WNW 13 mph,2021-12-13,13,,,,2021,12
1060,2021-12-03,42,34,0.06,WNW 10 mph,2021-12-14,14,,,,2021,12
1061,2021-12-03,47,37,0.06,W 9 mph,2021-12-15,15,,,,2021,12
1062,2021-12-03,49,39,0.18,W 9 mph,2021-12-16,16,,,,2021,12
1063,2021-12-03,47,39,0.24,W 9 mph,2021-12-17,17,,,,2021,12
1064,2021-12-04,47,43,0.02,NE 5 mph,2021-12-05,5,48.0,40.0,0.0,2021,12
1065,2021-12-04,61,36,0.24,SSW 14 mph,2021-12-06,6,60.0,44.0,0.42,2021,12
1066,2021-12-04,43,35,0.01,W 8 mph,2021-12-07,7,,,,2021,12
1067,2021-12-04,38,30,0.7,NNE 8 mph,2021-12-08,8,41.0,34.0,0.04,2021,12
1068,2021-12-04,38,34,0.16,NNE 6 mph,2021-12-09,9,,,,2021,12
1069,2021-12-04,46,42,0.2,S 5 mph,2021-12-10,10,49.0,39.0,0.0,2021,12
1070,2021-12-04,56,52,0.32,SSW 6 mph,2021-12-11,11,66.0,45.0,0.16999999999999998,2021,12
1071,2021-12-04,58,40,0.43,W 13 mph,2021-12-12,12,,,,2021,12
1072,2021-12-04,47,37,0.14,WNW 11 mph,2021-12-13,13,,,,2021,12
1073,2021-12-04,49,38,0.15,W 9 mph,2021-12-14,14,,,,2021,12
1074,2021-12-04,50,41,0.15,W 8 mph,2021-12-15,15,,,,2021,12
1075,2021-12-04,51,40,0.22,W 8 mph,2021-12-16,16,,,,2021,12
1076,2021-12-04,48,39,0.2,WNW 9 mph,2021-12-17,17,,,,2021,12
1077,2021-12-04,49,40,0.24,WNW 9 mph,2021-12-18,18,,,,2021,12
1078,2021-12-05,61,36,0.24,SSW 14 mph,2021-12-06,6,60.0,44.0,0.42,2021,12
1079,2021-12-05,41,34,0.01,W 9 mph,2021-12-07,7,,,,2021,12
1080,2021-12-05,38,30,0.39,NNE 4 mph,2021-12-08,8,41.0,34.0,0.04,2021,12
1081,2021-12-05,40,37,0.04,NE 5 mph,2021-12-09,9,,,,2021,12
1082,2021-12-05,48,43,0.24,SSW 4 mph,2021-12-10,10,49.0,39.0,0.0,2021,12
1083,2021-12-05,56,47,0.41,SSW 10 mph,2021-12-11,11,66.0,45.0,0.16999999999999998,2021,12
1084,2021-12-05,50,37,0.35,WNW 10 mph,2021-12-12,12,,,,2021,12
1085,2021-12-05,48,38,0.16,WNW 8 mph,2021-12-13,13,,,,2021,12
1086,2021-12-05,48,37,0.11,WNW 9 mph,2021-12-14,14,,,,2021,12
1087,2021-12-05,49,40,0.08,W 7 mph,2021-12-15,15,,,,2021,12
1088,2021-12-05,51,42,0.17,W 8 mph,2021-12-16,16,,,,2021,12
1089,2021-12-05,50,40,0.09,W 8 mph,2021-12-17,17,,,,2021,12
1090,2021-12-05,49,40,0.22,W 8 mph,2021-12-18,18,,,,2021,12
1091,2021-12-05,47,36,0.24,W 9 mph,2021-12-19,19,,,,2021,12
1092,2021-12-06,42,35,0.01,W 9 mph,2021-12-07,7,,,,2021,12
1093,2021-12-06,39,30,0.49,N 5 mph,2021-12-08,8,41.0,34.0,0.04,2021,12
1094,2021-12-06,40,35,0.04,WNW 8 mph,2021-12-09,9,,,,2021,12
1095,2021-12-06,47,43,0.21,SSW 4 mph,2021-12-10,10,49.0,39.0,0.0,2021,12
1096,2021-12-06,61,56,0.69,SSW 11 mph,2021-12-11,11,66.0,45.0,0.16999999999999998,2021,12
1097,2021-12-06,61,38,0.8,WNW 11 mph,2021-12-12,12,,,,2021,12
1098,2021-12-06,49,37,0.24,NW 8 mph,2021-12-13,13,,,,2021,12
1099,2021-12-06,47,38,0.19,NNW 8 mph,2021-12-14,14,,,,2021,12
1100,2021-12-06,48,41,0.2,N 7 mph,2021-12-15,15,,,,2021,12
1101,2021-12-06,54,45,0.04,WSW 9 mph,2021-12-16,16,,,,2021,12
1102,2021-12-06,56,44,0.13,WSW 9 mph,2021-12-17,17,,,,2021,12
1103,2021-12-06,53,43,0.24,W 8 mph,2021-12-18,18,,,,2021,12
1104,2021-12-06,49,38,0.24,NW 8 mph,2021-12-19,19,,,,2021,12
1105,2021-12-06,48,36,0.24,NW 9 mph,2021-12-20,20,,,,2021,12
1106,2021-12-07,43,32,0.15,NW 5 mph,2021-12-08,8,41.0,34.0,0.04,2021,12
1107,2021-12-07,40,35,0.02,WNW 9 mph,2021-12-09,9,,,,2021,12
1108,2021-12-07,50,45,0.24,SSW 6 mph,2021-12-10,10,49.0,39.0,0.0,2021,12
1109,2021-12-07,65,44,0.73,SSW 14 mph,2021-12-11,11,66.0,45.0,0.16999999999999998,2021,12
1110,2021-12-07,46,36,0.16,WNW 14 mph,2021-12-12,12,,,,2021,12
1111,2021-12-07,52,39,0.06,WSW 10 mph,2021-12-13,13,,,,2021,12
1112,2021-12-07,53,42,0.07,W 6 mph,2021-12-14,14,,,,2021,12
1113,2021-12-07,54,45,0.08,SW 6 mph,2021-12-15,15,,,,2021,12
1114,2021-12-07,59,48,0.1,SW 9 mph,2021-12-16,16,,,,2021,12
1115,2021-12-07,55,44,0.13,WSW 9 mph,2021-12-17,17,,,,2021,12
1116,2021-12-07,53,41,0.16,W 8 mph,2021-12-18,18,,,,2021,12
1117,2021-12-07,48,40,0.24,WNW 8 mph,2021-12-19,19,,,,2021,12
1118,2021-12-07,47,40,0.24,WNW 9 mph,2021-12-20,20,,,,2021,12
1119,2021-12-07,48,38,0.24,WSW 9 mph,2021-12-21,21,,,,2021,12
1120,2021-12-09,49,44,0.03,SSW 7 mph,2021-12-10,10,49.0,39.0,0.0,2021,12
1121,2021-12-09,65,43,0.59,SSW 16 mph,2021-12-11,11,66.0,45.0,0.16999999999999998,2021,12
1122,2021-12-09,47,36,0.0,WNW 13 mph,2021-12-12,12,,,,2021,12
1123,2021-12-09,52,36,0.01,WSW 12 mph,2021-12-13,13,,,,2021,12
1124,2021-12-09,52,38,0.04,NW 4 mph,2021-12-14,14,,,,2021,12
1125,2021-12-09,53,45,0.05,E 6 mph,2021-12-15,15,,,,2021,12
1126,2021-12-09,59,51,0.09,SSW 10 mph,2021-12-16,16,,,,2021,12
1127,2021-12-09,58,42,0.04,W 11 mph,2021-12-17,17,,,,2021,12
1128,2021-12-09,49,35,0.13,WNW 10 mph,2021-12-18,18,,,,2021,12
1129,2021-12-09,42,36,0.17,NW 8 mph,2021-12-19,19,,,,2021,12
1130,2021-12-09,47,40,0.33,WNW 8 mph,2021-12-20,20,,,,2021,12
1131,2021-12-09,46,38,0.34,WNW 8 mph,2021-12-21,21,,,,2021,12
1132,2021-12-09,45,35,0.4,NE 12 mph,2021-12-22,22,,,,2021,12
1133,2021-12-09,41,31,0.24,W 10 mph,2021-12-23,23,,,,2021,12
1134,2021-12-11,48,37,0.0,WNW 13 mph,2021-12-12,12,,,,2021,12
1135,2021-12-11,54,39,0.01,WSW 11 mph,2021-12-13,13,,,,2021,12
1136,2021-12-11,52,40,0.02,N 4 mph,2021-12-14,14,,,,2021,12
1137,2021-12-11,53,49,0.1,E 6 mph,2021-12-15,15,,,,2021,12
1138,2021-12-11,60,51,0.05,SW 11 mph,2021-12-16,16,,,,2021,12
1139,2021-12-11,56,42,0.06,W 10 mph,2021-12-17,17,,,,2021,12
1140,2021-12-11,49,32,0.38,WNW 10 mph,2021-12-18,18,,,,2021,12
1141,2021-12-11,40,36,0.1,NW 6 mph,2021-12-19,19,,,,2021,12
1142,2021-12-11,45,38,0.51,NW 6 mph,2021-12-20,20,,,,2021,12
1143,2021-12-11,44,34,0.36,NW 10 mph,2021-12-21,21,,,,2021,12
1144,2021-12-11,40,33,0.18,NW 9 mph,2021-12-22,22,,,,2021,12
1145,2021-12-11,40,33,0.31,NW 10 mph,2021-12-23,23,,,,2021,12
1146,2021-12-11,42,35,0.18,W 7 mph,2021-12-24,24,,,,2021,12
1147,2021-12-11,45,34,0.24,W 8 mph,2021-12-25,25,,,,2021,12
1148,2021-12-12,53,39,0.01,WSW 10 mph,2021-12-13,13,,,,2021,12
1149,2021-12-12,52,38,0.02,N 7 mph,2021-12-14,14,,,,2021,12
1150,2021-12-12,51,50,0.17,E 7 mph,2021-12-15,15,,,,2021,12
1151,2021-12-12,60,53,0.1,SW 11 mph,2021-12-16,16,,,,2021,12
1152,2021-12-12,55,42,0.02,WNW 11 mph,2021-12-17,17,,,,2021,12
1153,2021-12-12,50,33,0.51,W 10 mph,2021-12-18,18,,,,2021,12
1154,2021-12-12,41,33,0.07,NW 9 mph,2021-12-19,19,,,,2021,12
1155,2021-12-12,46,38,0.37,ENE 7 mph,2021-12-20,20,,,,2021,12
1156,2021-12-12,41,34,0.33,NW 11 mph,2021-12-21,21,,,,2021,12
1157,2021-12-12,41,31,0.24,WNW 9 mph,2021-12-22,22,,,,2021,12
1158,2021-12-12,41,33,0.13,WNW 6 mph,2021-12-23,23,,,,2021,12
1159,2021-12-12,43,35,0.1,W 7 mph,2021-12-24,24,,,,2021,12
1160,2021-12-12,48,40,0.24,WSW 9 mph,2021-12-25,25,,,,2021,12
1161,2021-12-12,46,32,0.31,W 8 mph,2021-12-26,26,,,,2021,12
